ID	Language_ID	Parameter_ID	Form	Value	Segments
ita-223_reason-2	ita	223_reason	motivo	motivo	m o t i v o
ita-668_fifty-1	ita	668_fifty	t͡ʃinkwanta	cinquanta	tʃ i n k w a n t a
ita-697_burn-1	ita	697_burn	ardere	àrdere	a r d e r e
ita-81_heat-1	ita	81_heat	kaldo	caldo	k a l d o
ita-280_size-1	ita	280_size	taʎːa	taglia	t a ʎː a
ita-603_often-1	ita	603_often	spesːo	spesso	s p e sː o
ita-877_throw-2	ita	877_throw	lant͡ʃare	lanciare	l a n tʃ a r e
ita-221_mind-1	ita	221_mind	intelːetːo	intelletto	i n t e lː e tː o
ita-971_rinse-2	ita	971_rinse	ʃakkware	sciacquare	ʃ a k k w a r e
ita-253_matter-1	ita	253_matter	afːare	affare	a fː a r e
ita-81_heat-2	ita	81_heat	kalura	calura	k a l u r a
ita-803_hear-1	ita	803_hear	udire	udire	u d i r e
ita-827_cover-1	ita	827_cover	koprire	coprire	k o p r i r e
ita-391_force-1	ita	391_force	fort͡sa	forza	f o r ts a
ita-492_flat-2	ita	492_flat	piatːo	piatto	p i a tː o
ita-150_chicken-1	ita	150_chicken	ɡalːina	gallina	g a lː i n a
ita-827_cover-2	ita	827_cover	rikoprire	ricoprire	r i k o p r i r e
ita-581_third-1	ita	581_third	tert͡so	terzo	t e r ts o
ita-570_familiar-2	ita	570_familiar	konoʃːuto	conosciuto	k o n o ʃː u t o
ita-403_way-2	ita	403_way	kamːino	cammino	k a mː i n o
ita-68_smoke-1	ita	68_smoke	fumo	fumo	f u m o
ita-695_swing-2	ita	695_swing	oʃːilːare	oscillare	o ʃː i lː a r e
ita-844_turnover-2	ita	844_turnover	voltare	voltare	v o l t a r e
ita-320_fence-1	ita	320_fence	ret͡ʃinto	recinto	r e tʃ i n t o
ita-508_wet-1	ita	508_wet	baɲːato	bagnato	b a ɲː a t o
ita-126_claw-1	ita	126_claw	ɡriɱfia	grinfia	g r i ɱ f i a
ita-207_sister-1	ita	207_sister	sorelːa	sorella	s o r e lː a
ita-455_week-1	ita	455_week	setːimana	settimana	s e tː i m a n a
ita-828_hangup-1	ita	828_hangup	atːakːare	attaccare	a tː a kː a r e
ita-874_drag-1	ita	874_drag	trainare	trainare	t r a i n a r e
ita-808_seem-1	ita	808_seem	parere	parere	p a r e r e
ita-451_morning-1	ita	451_morning	matːina	mattina	m a tː i n a
ita-695_swing-1	ita	695_swing	vibrare	vibrare	v i b r a r e
ita-677_stand-1	ita	677_stand	stare in piedi	stare in piedi	s t a r e + i n + p i e d i
ita-461_winter-1	ita	461_winter	iɱverno	inverno	i ɱ v e r n o
ita-769_dive-1	ita	769_dive	tufːarzi	tuffarsi	t u fː a r z i
ita-334_picture-2	ita	334_picture	imːad͡ʒine	immàgine	i mː a dʒ i n e
ita-609_there-1	ita	609_there	li	lì	l i
ita-502_hot-1	ita	502_hot	kaldo	caldo	k a l d o
ita-865_sharpen-1	ita	865_sharpen	arːotare	arrotare	a rː o t a r e
ita-418_boss-1	ita	418_boss	kapo	capo	k a p o
ita-297_west-2	ita	297_west	ott͡ʃidente	occidente	o t tʃ i d e n t e
ita-310_floor-1	ita	310_floor	pavimento	pavimento	p a v i m e n t o
ita-867_jog-1	ita	867_jog	skuɔtere	scuòtere	s k u ɔ t e r e
ita-817_stop-1	ita	817_stop	finire	finire	f i n i r e
ita-340_bucket-1	ita	340_bucket	sekːjo	secchio	s e kː j o
ita-624_so-2	ita	624_so	tanto	tanto	t a n t o
ita-790_like-2	ita	790_like	volere bene a	volere bene a	v o l e r e + b e n e + a
ita-253_matter-2	ita	253_matter	fatt͡ʃenda	faccenda	f a t tʃ e n d a
ita-1009_write-1	ita	1009_write	skrivere	scrìvere	s k r i v e r e
ita-157_crow-1	ita	157_crow	kornakːja	cornacchia	k o r n a kː j a
ita-174_onion-1	ita	174_onion	t͡ʃipolːa	cipolla	tʃ i p o lː a
ita-868_shake-1	ita	868_shake	ad͡ʒitare	agitare	a dʒ i t a r e
ita-826_connect-2	ita	826_connect	kond͡ʒund͡ʒere	congiùngere	k o n dʒ u n dʒ e r e
ita-445_misfortune-1	ita	445_misfortune	sfortuna	sfortuna	s f o r t u n a
ita-916_invite-1	ita	916_invite	iɱvitare	invitare	i ɱ v i t a r e
ita-231_puzzle-1	ita	231_puzzle	indovinelːo	indovinello	i n d o v i n e lː o
ita-593_soon-2	ita	593_soon	tra poko	tra poco	t r a + p o k o
ita-972_sweep-1	ita	972_sweep	spatt͡sare	spazzare	s p a t ts a r e
ita-791_laugh-1	ita	791_laugh	ridere	rìdere	r i d e r e
ita-459_summer-1	ita	459_summer	estate	estate	e s t a t e
ita-532_cheap-1	ita	532_cheap	a buon prett͡so	a buon prezzo	a + b u o n + p r e t ts o
ita-814_want-1	ita	814_want	volere	volere	v o l e r e
ita-675_and-1	ita	675_and	e	e	e
ita-518_delicious-1	ita	518_delicious	ɡjotːo	ghiotto	g j o tː o
ita-327_spoon-1	ita	327_spoon	kukːjaio	cucchiaio	k u kː j a i o
ita-940_bother-1	ita	940_bother	molestare	molestare	m o l e s t a r e
ita-120_willow-1	ita	120_willow	salit͡ʃe	sàlice	s a l i tʃ e
ita-90_swamp-1	ita	90_swamp	palude	palude	p a l u d e
ita-700_freeze-2	ita	700_freeze	kond͡ʒelarzi	congelarsi	k o n dʒ e l a r z i
ita-518_delicious-2	ita	518_delicious	skwizito	squisito	s k w i z i t o
ita-21_belly-1	ita	21_belly	ventre	ventre	v e n t r e
ita-640_i-1	ita	640_i	io	ìo	i o
ita-852_scrape-2	ita	852_scrape	ɡrafːiare	graffiare	g r a fː i a r e
ita-766_seesaw-1	ita	766_seesaw	fare lˈaltalena	fare l'altalena	f a r e + l a l t a l e n a
ita-361_milk-1	ita	361_milk	latːe	latte	l a tː e
ita-555_naked-1	ita	555_naked	nudo	nudo	n u d o
ita-831_leave-1	ita	831_leave	laʃːare	lasciare	l a ʃː a r e
ita-308_home-1	ita	308_home	kaza	casa	k a z a
ita-368_button-1	ita	368_button	botːone	bottone	b o tː o n e
ita-177_hay-1	ita	177_hay	fieno	fieno	f i e n o
ita-436_enemy-1	ita	436_enemy	nemiko	nemico	n e m i k o
ita-862_glue-1	ita	862_glue	iŋkolːare	incollare	i ŋ k o lː a r e
ita-443_lie-1	ita	443_lie	bud͡ʒia	bugìa	b u dʒ i a
ita-386_leash-1	ita	386_leash	ɡuint͡saʎːo	guinzaglio	g u i n ts a ʎː o
ita-92_meadow-1	ita	92_meadow	prato	prato	p r a t o
ita-715_rise-2	ita	715_rise	montare	montare	m o n t a r e
ita-301_slab-1	ita	301_slab	lastra	lastra	l a s t r a
ita-394_illness-1	ita	394_illness	malatːia	malattìa	m a l a tː i a
ita-576_left-1	ita	576_left	sinistro	sinistro	s i n i s t r o
ita-110_grass-1	ita	110_grass	erba	erba	e r b a
ita-6_tongue-1	ita	6_tongue	liŋɡua	lingua	l i ŋ g u a
ita-251_friend-1	ita	251_friend	amiko	amico	a m i k o
ita-171_berry-1	ita	171_berry	bakːa	bacca	b a kː a
ita-1015_rule-1	ita	1015_rule	dominare	dominare	d o m i n a r e
ita-339_bag-1	ita	339_bag	borza	borsa	b o r z a
ita-719_benoisy-1	ita	719_benoisy	strepitare	strepitare	s t r e p i t a r e
ita-69_spark-1	ita	69_spark	ʃintilːa	scintilla	ʃ i n t i lː a
ita-285_heap-2	ita	285_heap	mukːjo	mucchio	m u kː j o
ita-652_howmuch-1	ita	652_howmuch	kwanto	quanto	k w a n t o
ita-285_heap-1	ita	285_heap	kumulo	cùmulo	k u m u l o
ita-521_sour-2	ita	521_sour	at͡ʃerbo	acerbo	a tʃ e r b o
ita-434_border-1	ita	434_border	koɱfine	confine	k o ɱ f i n e
ita-798_flee-1	ita	798_flee	fudd͡ʒire	fuggire	f u d dʒ i r e
ita-584_atonce-1	ita	584_atonce	inzieme	insieme	i n z i e m e
ita-914_urge-1	ita	914_urge	int͡ʃitare	incitare	i n tʃ i t a r e
ita-498_sharp-2	ita	498_sharp	taʎːiente	tagliente	t a ʎː i e n t e
ita-189_glass-1	ita	189_glass	vetro	vetro	v e t r o
ita-369_knot-1	ita	369_knot	nodo	nodo	n o d o
ita-984_chat-1	ita	984_chat	koɱverzare	conversare	k o ɱ v e r z a r e
ita-538_strong-2	ita	538_strong	viɡorozo	vigoroso	v i g o r o z o
ita-352_mush-2	ita	352_mush	papːa	pappa	p a pː a
ita-682_happen-1	ita	682_happen	sutt͡ʃɛdere	succèdere	s u t tʃ ɛ d e r e
ita-55_dream-1	ita	55_dream	soɲːo	sogno	s o ɲː o
ita-633_through-2	ita	633_through	atːraverzo	attraverso	a tː r a v e r z o
ita-243_people-1	ita	243_people	d͡ʒente	gente	dʒ e n t e
ita-460_autumn-1	ita	460_autumn	autunːo	autunno	a u t u nː o
ita-685_change-2	ita	685_change	kambiare	cambiare	k a m b i a r e
ita-585_together-1	ita	585_together	inzieme	insieme	i n z i e m e
ita-551_merry-1	ita	551_merry	ɡaio	gaio	g a i o
ita-132_animal-1	ita	132_animal	bestia	bestia	b e s t i a
ita-260_cross-1	ita	260_cross	krot͡ʃe	croce	k r o tʃ e
ita-782_stay-1	ita	782_stay	restare	restare	r e s t a r e
ita-107_covebay-1	ita	107_covebay	kala	cala	k a l a
ita-345_pot-1	ita	345_pot	pɛntola	pèntola	p ɛ n t o l a
ita-987_tell-2	ita	987_tell	rakːontare	raccontare	r a kː o n t a r e
ita-324_spade-1	ita	324_spade	vaŋɡa	vanga	v a ŋ g a
ita-219_thought-2	ita	219_thought	penziero	pensiero	p e n z i e r o
ita-116_twig-1	ita	116_twig	ramo	ramo	r a m o
ita-328_knife-1	ita	328_knife	koltelːo	coltello	k o l t e lː o
ita-829_light-2	ita	829_light	int͡ʃendiare	incendiare	i n tʃ e n d i a r e
ita-5_tooth-1	ita	5_tooth	dente	dente	d e n t e
ita-809_show-1	ita	809_show	vederzi	vedersi	v e d e r z i
ita-273_edge-1	ita	273_edge	spiɡolo	spìgolo	s p i g o l o
ita-546_diligent-1	ita	546_diligent	dilid͡ʒente	diligente	d i l i dʒ e n t e
ita-423_business-1	ita	423_business	afːare	affare	a fː a r e
ita-941_conceal-1	ita	941_conceal	t͡ʃelare	celare	tʃ e l a r e
ita-950_fish-1	ita	950_fish	peskare	pescare	p e s k a r e
ita-37_thigh-1	ita	37_thigh	fɛmore	fèmore	f ɛ m o r e
ita-354_slice-2	ita	354_slice	trant͡ʃa	trancia	t r a n tʃ a
ita-249_company-1	ita	249_company	kompaɲːia	compagnìa	k o m p a ɲː i a
ita-375_trousers-1	ita	375_trousers	kalt͡soni	calzoni	k a l ts o n i
ita-974_bath-2	ita	974_bath	fare il baɲːo	fare il bagno	f a r e + i l + b a ɲː o
ita-8_cheek-1	ita	8_cheek	ɡuant͡ʃa	guancia	g u a n tʃ a
ita-980_decorate-1	ita	980_decorate	ornare	ornare	o r n a r e
ita-453_evening-1	ita	453_evening	sera	sera	s e r a
ita-786_find-1	ita	786_find	trovare	trovare	t r o v a r e
ita-301_slab-2	ita	301_slab	piastra	piastra	p i a s t r a
ita-925_leave-1	ita	925_leave	laʃːare	lasciare	l a ʃː a r e
ita-837_repairmend-1	ita	837_repairmend	riparare	riparare	r i p a r a r e
ita-35_heel-2	ita	35_heel	kalkaɲːo	calcagno	k a l k a ɲː o
ita-39_body-1	ita	39_body	korpo	corpo	k o r p o
ita-611_ahead-1	ita	611_ahead	diritːo	diritto	d i r i tː o
ita-78_ice-1	ita	78_ice	ɡjatt͡ʃo	ghiaccio	g j a t tʃ o
ita-938_steal-1	ita	938_steal	rubare	rubare	r u b a r e
ita-421_teacher-1	ita	421_teacher	profesːore	professore	p r o f e sː o r e
ita-710_appear-1	ita	710_appear	apːarire	apparire	a pː a r i r e
ita-418_boss-2	ita	418_boss	padrone	padrone	p a d r o n e
ita-571_famous-1	ita	571_famous	famozo	famoso	f a m o z o
ita-388_pillow-2	ita	388_pillow	ɡuant͡ʃale	guanciale	g u a n tʃ a l e
ita-20_back-1	ita	20_back	dorzo	dorso	d o r z o
ita-19_head-1	ita	19_head	kapo	capo	k a p o
ita-111_root-1	ita	111_root	radit͡ʃe	radice	r a d i tʃ e
ita-694_sway-1	ita	694_sway	oʃːilːare	oscillare	o ʃː i lː a r e
ita-47_stomach-1	ita	47_stomach	stɔmako	stòmaco	s t ɔ m a k o
ita-187_silver-1	ita	187_silver	ard͡ʒento	argento	a r dʒ e n t o
ita-552_gentle-1	ita	552_gentle	dolt͡ʃe	dolce	d o l tʃ e
ita-94_hill-2	ita	94_hill	kolːina	collina	k o lː i n a
ita-530_grey-1	ita	530_grey	ɡrid͡ʒo	grigio	g r i dʒ o
ita-624_so-1	ita	624_so	kozi	così	k o z i
ita-616_down-2	ita	616_down	in d͡ʒu	in giù	i n + dʒ u
ita-331_hook-1	ita	331_hook	unt͡ʃino	uncino	u n tʃ i n o
ita-91_moor-1	ita	91_moor	torbiera	torbiera	t o r b i e r a
ita-901_promise-1	ita	901_promise	prometːere	promettere	p r o m e tː e r e
ita-533_expensive-1	ita	533_expensive	karo	caro	k a r o
ita-523_dark-2	ita	523_dark	oskuro	oscuro	o s k u r o
ita-168_gnat-1	ita	168_gnat	t͡sant͡sara	zanzara	ts a n ts a r a
ita-13_beard-1	ita	13_beard	barba	barba	b a r b a
ita-102_river-1	ita	102_river	fiume	fiume	f i u m e
ita-856_cutoff-1	ita	856_cutoff	taʎːare	tagliare	t a ʎː a r e
ita-723_roar-1	ita	723_roar	rombare	rombare	r o m b a r e
ita-577_right-1	ita	577_right	destro	destro	d e s t r o
ita-184_filth-1	ita	184_filth	faŋɡo	fango	f a ŋ g o
ita-380_ring-1	ita	380_ring	anelːo	anello	a n e lː o
ita-643_we-1	ita	643_we	noi	noi	n o i
ita-870_pour-1	ita	870_pour	verzare	versare	v e r z a r e
ita-178_peelhusk-1	ita	178_peelhusk	butt͡ʃa	buccia	b u t tʃ a
ita-138_pig-2	ita	138_pig	maiale	maiale	m a i a l e
ita-234_voice-1	ita	234_voice	vot͡ʃe	voce	v o tʃ e
ita-370_paint-1	ita	370_paint	pitːura	pittura	p i tː u r a
ita-759_takeawalk-1	ita	759_takeawalk	pasːedd͡ʒare	passeggiare	p a sː e d dʒ a r e
ita-196_boy-1	ita	196_boy	raɡatt͡so	ragazzo	r a g a t ts o
ita-133_flock-1	ita	133_flock	ɡredd͡ʒe	gregge	g r e d dʒ e
ita-498_sharp-1	ita	498_sharp	afːilato	affilato	a fː i l a t o
ita-98_cave-2	ita	98_cave	kaverna	caverna	k a v e r n a
ita-94_hill-1	ita	94_hill	kolːe	colle	k o lː e
ita-673_ahundred-1	ita	673_ahundred	t͡ʃento	cento	tʃ e n t o
ita-620_not-1	ita	620_not	non	non	n o n
ita-528_blue-2	ita	528_blue	att͡surːo	azzurro	a t ts u rː o
ita-779_come-1	ita	779_come	venire	venire	v e n i r e
ita-287_boat-1	ita	287_boat	barka	barca	b a r k a
ita-797_beafraidof-1	ita	797_beafraidof	temere	temere	t e m e r e
ita-506_fresh-1	ita	506_fresh	fresko	fresco	f r e s k o
ita-502_hot-2	ita	502_hot	bolːente	bollente	b o lː e n t e
ita-977_puton-1	ita	977_puton	metːerzi	mettersi	m e tː e r z i
ita-236_sign-2	ita	236_sign	seɲːale	segnale	s e ɲː a l e
ita-815_start-1	ita	815_start	init͡siare	iniziare	i n i ts i a r e
ita-513_closed-1	ita	513_closed	kjuzo	chiuso	k j u z o
ita-25_shoulder-1	ita	25_shoulder	spalːa	spalla	s p a lː a
ita-490_delicatefine-2	ita	490_delicatefine	delikato	delicato	d e l i k a t o
ita-443_lie-2	ita	443_lie	ment͡soɲːa	menzogna	m e n ts o ɲː a
ita-191_sand-1	ita	191_sand	arena	arena	a r e n a
ita-712_dropdescend-2	ita	712_dropdescend	ʃendere	scendere	ʃ e n d e r e
ita-515_dirty-2	ita	515_dirty	sudit͡ʃo	sùdicio	s u d i tʃ o
ita-290_ski-1	ita	290_ski	ʃi	sci	ʃ i
ita-812_do-1	ita	812_do	fare	fare	f a r e
ita-705_rot-1	ita	705_rot	mart͡ʃire	marcire	m a r tʃ i r e
ita-296_south-2	ita	296_south	meridione	meridione	m e r i d i o n e
ita-267_place-1	ita	267_place	luoɡo	luogo	l u o g o
ita-67_dust-1	ita	67_dust	polvere	polvere	p o l v e r e
ita-27_elbow-1	ita	27_elbow	ɡomito	gomito	g o m i t o
ita-605_never-1	ita	605_never	non mai	non mai	n o n + m a i
ita-50_hunger-1	ita	50_hunger	fame	fame	f a m e
ita-393_health-1	ita	393_health	salute	salute	s a l u t e
ita-113_trunk-1	ita	113_trunk	troŋko	tronco	t r o ŋ k o
ita-541_slim-1	ita	541_slim	znelːo	snello	z n e lː o
ita-819_turnout-1	ita	819_turnout	stare	stare	s t a r e
ita-1005_calculate-1	ita	1005_calculate	kontare	contare	k o n t a r e
ita-75_cloud-2	ita	75_cloud	nuvola	nùvola	n u v o l a
ita-741_sleep-1	ita	741_sleep	dormire	dormire	d o r m i r e
ita-635_between-1	ita	635_between	fra	fra	f r a
ita-962_bake-2	ita	962_bake	kuɔt͡ʃere al forno	cuòcere al forno	k u ɔ tʃ e r e + a l + f o r n o
ita-561_nastydire-1	ita	561_nastydire	ɡrave	grave	g r a v e
ita-622_hardly-1	ita	622_hardly	a apːena	a appena	a + a pː e n a
ita-831_leave-2	ita	831_leave	laʃːare indietro	lasciare indietro	l a ʃː a r e + i n d i e t r o
ita-124_fur-2	ita	124_fur	pelame	pelame	p e l a m e
ita-404_road-1	ita	404_road	strada	strada	s t r a d a
ita-12_moustache-2	ita	12_moustache	mustakːi	mustacchi	m u s t a kː i
ita-883_bring-1	ita	883_bring	portare	portare	p o r t a r e
ita-338_bundle-1	ita	338_bundle	faʃːo	fascio	f a ʃː o
ita-908_show-1	ita	908_show	indikare	indicare	i n d i k a r e
ita-264_distance-1	ita	264_distance	distant͡sa	distanza	d i s t a n ts a
ita-678_sit-1	ita	678_sit	sedere	sedere	s e d e r e
ita-437_violence-1	ita	437_violence	violent͡sa	violenza	v i o l e n ts a
ita-681_become-1	ita	681_become	farzi	farsi	f a r z i
ita-978_getdressed-1	ita	978_getdressed	vestirzi	vestirsi	v e s t i r z i
ita-575_far-1	ita	575_far	lontano	lontano	l o n t a n o
ita-248_game-1	ita	248_game	d͡ʒoko	gioco	dʒ o k o
ita-367_thread-1	ita	367_thread	filo	filo	f i l o
ita-874_drag-2	ita	874_drag	traʃːinare	trascinare	t r a ʃː i n a r e
ita-782_stay-2	ita	782_stay	rimanere	rimanere	r i m a n e r e
ita-883_bring-2	ita	883_bring	apːortare	apportare	a pː o r t a r e
ita-617_above-1	ita	617_above	su	su	s u
ita-813_can-1	ita	813_can	sapere	sapere	s a p e r e
ita-736_drink-1	ita	736_drink	bere	bere	b e r e
ita-57_sun-1	ita	57_sun	sole	sole	s o l e
ita-272_fringe-1	ita	272_fringe	orlo	orlo	o r l o
ita-805_taste-2	ita	805_taste	asːadd͡ʒare	assaggiare	a sː a d dʒ a r e
ita-912_bringup-1	ita	912_bringup	alːevare	allevare	a lː e v a r e
ita-578_other-1	ita	578_other	altro	altro	a l t r o
ita-392_strength-3	ita	392_strength	fortett͡sa	fortezza	f o r t e t ts a
ita-691_stream-1	ita	691_stream	fluire	fluire	f l u i r e
ita-679_lie-1	ita	679_lie	d͡ʒat͡ʃere	giacere	dʒ a tʃ e r e
ita-774_goaway-2	ita	774_goaway	andare via	andare via	a n d a r e + v i a
ita-267_place-2	ita	267_place	lokalita	località	l o k a l i t a
ita-287_boat-2	ita	287_boat	batːelːo	battello	b a tː e lː o
ita-730_shout-1	ita	730_shout	ɡridare	gridare	g r i d a r e
ita-296_south-1	ita	296_south	sud	sud	s u d
ita-582_last-1	ita	582_last	ultimo	ùltimo	u l t i m o
ita-878_catch-2	ita	878_catch	akːjapːare	acchiappare	a kː j a pː a r e
ita-615_below-1	ita	615_below	d͡ʒu	giù	dʒ u
ita-371_clothes-2	ita	371_clothes	vestiario	vestiario	v e s t i a r i o
ita-216_wish-1	ita	216_wish	deziderio	desiderio	d e z i d e r i o
ita-268_side-2	ita	268_side	parte	parte	p a r t e
ita-136_horse-1	ita	136_horse	kavalːo	cavallo	k a v a lː o
ita-382_comb-1	ita	382_comb	pɛtːine	pèttine	p ɛ tː i n e
ita-661_nine-1	ita	661_nine	nove	nove	n o v e
ita-407_letter-1	ita	407_letter	lɛtːera	lèttera	l ɛ tː e r a
ita-218_spirit-2	ita	218_spirit	spirito	spìrito	s p i r i t o
ita-200_grandmother-1	ita	200_grandmother	nonːa	nonna	n o nː a
ita-709_pass-1	ita	709_pass	pasːare	passare	p a sː a r e
ita-788_prepare-1	ita	788_prepare	preparare	preparare	p r e p a r a r e
ita-630_infrontof-1	ita	630_infrontof	davanti a	davanti a	d a v a n t i + a
ita-951_catch-2	ita	951_catch	akːjapːare	acchiappare	a kː j a pː a r e
ita-142_squirrel-1	ita	142_squirrel	skoiatːolo	scoiàttolo	s k o i a tː o l o
ita-569_rich-1	ita	569_rich	rikːo	ricco	r i kː o
ita-190_clay-1	ita	190_clay	ard͡ʒilːa	argilla	a r dʒ i lː a
ita-469_august-1	ita	469_august	aɡosto	agosto	a g o s t o
ita-700_freeze-1	ita	700_freeze	d͡ʒelarzi	gelarsi	dʒ e l a r z i
ita-973_sweep-1	ita	973_sweep	spatt͡sare	spazzare	s p a t ts a r e
ita-347_meal-1	ita	347_meal	pasto	pasto	p a s t o
ita-756_tumble-1	ita	756_tumble	kadere	cadere	k a d e r e
ita-723_roar-2	ita	723_roar	rumoredd͡ʒare	rumoreggiare	r u m o r e d dʒ a r e
ita-218_spirit-1	ita	218_spirit	mente	mente	m e n t e
ita-906_cover-1	ita	906_cover	koprire	coprire	k o p r i r e
ita-979_comb-1	ita	979_comb	petːinare	pettinare	p e tː i n a r e
ita-963_fry-1	ita	963_fry	fridd͡ʒere	frìggere	f r i d dʒ e r e
ita-238_noise-1	ita	238_noise	kjasːo	chiasso	k j a sː o
ita-626_only-1	ita	626_only	solo	solo	s o l o
ita-199_grandfather-1	ita	199_grandfather	nonːo	nonno	n o nː o
ita-811_becold-1	ita	811_becold	aver fredːo	aver freddo	a v e r + f r e dː o
ita-557_living-1	ita	557_living	vivo	vivo	v i v o
ita-354_slice-1	ita	354_slice	fetːa	fetta	f e tː a
ita-806_smell-1	ita	806_smell	sentire	sentire	s e n t i r e
ita-318_door-1	ita	318_door	porta	porta	p o r t a
ita-937_shove-2	ita	937_shove	spind͡ʒere	spìngere	s p i n dʒ e r e
ita-702_melt-2	ita	702_melt	ʃɔʎːierzi	sciògliersi	ʃ ɔ ʎː i e r z i
ita-804_listen-1	ita	804_listen	askoltare	ascoltare	a s k o l t a r e
ita-239_sound-1	ita	239_sound	suono	suono	s u o n o
ita-424_shop-1	ita	424_shop	neɡot͡sio	negozio	n e g o ts i o
ita-212_joy-1	ita	212_joy	d͡ʒoia	gioia	dʒ o i a
ita-397_fever-1	ita	397_fever	febːre	febbre	f e bː r e
ita-156_crane-1	ita	156_crane	ɡru	gru	g r u
ita-274_corner-1	ita	274_corner	kanto	canto	k a n t o
ita-551_merry-2	ita	551_merry	alːeɡro	allegro	a lː e g r o
ita-360_honey-1	ita	360_honey	miele	miele	m i e l e
ita-138_pig-1	ita	138_pig	porko	porco	p o r k o
ita-873_carry-1	ita	873_carry	portare	portare	p o r t a r e
ita-732_tremble-1	ita	732_tremble	tremare	tremare	t r e m a r e
ita-881_divide-1	ita	881_divide	dividere	divìdere	d i v i d e r e
ita-784_await-1	ita	784_await	atːɛndere	attèndere	a tː ɛ n d e r e
ita-608_hence-2	ita	608_hence	da kwi	da qui	d a + k w i
ita-878_catch-1	ita	878_catch	prɛndere	prèndere	p r ɛ n d e r e
ita-947_gather-1	ita	947_gather	rakːɔʎːiere	raccògliere	r a kː ɔ ʎː i e r e
ita-54_sleep-1	ita	54_sleep	sonːo	sonno	s o nː o
ita-45_brain-1	ita	45_brain	t͡ʃervelːo	cervello	tʃ e r v e lː o
ita-580_second-1	ita	580_second	sekondo	secondo	s e k o n d o
ita-158_cuckoo-1	ita	158_cuckoo	kukːu	cuccù	k u kː u
ita-35_heel-1	ita	35_heel	talːone	tallone	t a lː o n e
ita-10_forehead-1	ita	10_forehead	fronte	fronte	f r o n t e
ita-373_collar-2	ita	373_collar	kolːetːo	colletto	k o lː e tː o
ita-146_mouse-1	ita	146_mouse	topo	topo	t o p o
ita-750_die-1	ita	750_die	morire	morire	m o r i r e
ita-966_sew-1	ita	966_sew	kut͡ʃire	cucire	k u tʃ i r e
ita-416_god-1	ita	416_god	dio	dio	d i o
ita-466_may-1	ita	466_may	madd͡ʒo	maggio	m a d dʒ o
ita-114_bark-1	ita	114_bark	kortett͡ʃa	corteccia	k o r t e t tʃ a
ita-793_weepcry-1	ita	793_weepcry	piand͡ʒere	piàngere	p i a n dʒ e r e
ita-689_thunder-1	ita	689_thunder	tonare	tonare	t o n a r e
ita-664_twelve-1	ita	664_twelve	dodit͡ʃi	dodici	d o d i tʃ i
ita-108_island-1	ita	108_island	izola	ìsola	i z o l a
ita-550_dear-1	ita	550_dear	karo	caro	k a r o
ita-544_stupid-1	ita	544_stupid	stupido	stùpido	s t u p i d o
ita-500_heavy-1	ita	500_heavy	pezante	pesante	p e z a n t e
ita-947_gather-2	ita	947_gather	kolːet͡sionare	collezionare	k o lː e ts i o n a r e
ita-918_visit-1	ita	918_visit	vizitare	visitare	v i z i t a r e
ita-306_pipe-1	ita	306_pipe	tubo	tubo	t u b o
ita-634_nextto-1	ita	634_nextto	a akːanto a	a accanto a	a + a kː a n t o + a
ita-838_improve-1	ita	838_improve	miʎːorare	migliorare	m i ʎː o r a r e
ita-462_january-1	ita	462_january	d͡ʒenːaio	gennaio	dʒ e nː a i o
ita-507_damp-1	ita	507_damp	umido	ùmido	u m i d o
ita-886_receive-1	ita	886_receive	rit͡ʃevere	ricevere	r i tʃ e v e r e
ita-918_visit-2	ita	918_visit	far vizita a	far vìsita a	f a r + v i z i t a + a
ita-401_pasture-1	ita	401_pasture	paskolo	pàscolo	p a s k o l o
ita-304_stick-2	ita	304_stick	bastone	bastone	b a s t o n e
ita-853_lick-1	ita	853_lick	lekːare	leccare	l e kː a r e
ita-680_hang-2	ita	680_hang	ɛsːere apːezo	èssere appeso	ɛ sː e r e + a pː e z o
ita-409_character-1	ita	409_character	lɛtːera	lèttera	l ɛ tː e r a
ita-656_four-1	ita	656_four	kwatːro	quattro	k w a tː r o
ita-101_brook-1	ita	101_brook	ruʃːelːo	ruscello	r u ʃː e lː o
ita-995_notice-1	ita	995_notice	notare	notare	n o t a r e
ita-73_weather-1	ita	73_weather	tempo	tempo	t e m p o
ita-268_side-1	ita	268_side	lato	lato	l a t o
ita-83_rainbow-1	ita	83_rainbow	arkobaleno	arcobaleno	a r k o b a l e n o
ita-936_sting-1	ita	936_sting	pund͡ʒere	pùngere	p u n dʒ e r e
ita-990_call-1	ita	990_call	kjamare	chiamare	k j a m a r e
ita-579_first-1	ita	579_first	primo	primo	p r i m o
ita-223_reason-1	ita	223_reason	kauza	causa	k a u z a
ita-186_gold-1	ita	186_gold	oro	oro	o r o
ita-519_sweet-1	ita	519_sweet	dolt͡ʃe	dolce	d o l tʃ e
ita-255_sort-2	ita	255_sort	spet͡ʃɛ	specie	s p e tʃ ɛ
ita-2_ear-1	ita	2_ear	orekːjo	orecchio	o r e kː j o
ita-909_guide-1	ita	909_guide	ɡuidare	guidare	g u i d a r e
ita-348_food-2	ita	348_food	alimento	alimento	a l i m e n t o
ita-388_pillow-1	ita	388_pillow	kuʃːino	cuscino	k u ʃː i n o
ita-450_day-2	ita	450_day	d͡ʒornata	giornata	dʒ o r n a t a
ita-708_sink-1	ita	708_sink	afːondare	affondare	a fː o n d a r e
ita-925_leave-2	ita	925_leave	abːandonare	abbandonare	a bː a n d o n a r e
ita-405_village-2	ita	405_village	vilːadd͡ʒo	villaggio	v i lː a d dʒ o
ita-965_knit-1	ita	965_knit	lːavorare a maʎːa	llavorare a maglia	lː a v o r a r e + a + m a ʎː a
ita-880_hide-1	ita	880_hide	naskondere	nascondere	n a s k o n d e r e
ita-314_bed-1	ita	314_bed	letːo	letto	l e tː o
ita-1011_buy-2	ita	1011_buy	akkwistare	acquistare	a k k w i s t a r e
ita-363_leather-1	ita	363_leather	pelːe	pelle	p e lː e
ita-525_white-1	ita	525_white	biaŋko	bianco	b i a ŋ k o
ita-528_blue-1	ita	528_blue	blu	blu	b l u
ita-621_alittle-2	ita	621_alittle	un poko	un poco	u n + p o k o
ita-344_cup-1	ita	344_cup	tatt͡sa	tazza	t a t ts a
ita-999_learn-2	ita	999_learn	apːrɛndere	apprèndere	a pː r ɛ n d e r e
ita-935_kick-1	ita	935_kick	kalt͡ʃare	calciare	k a l tʃ a r e
ita-775_depart-1	ita	775_depart	partire	partire	p a r t i r e
ita-141_bear-1	ita	141_bear	orzo	orso	o r z o
ita-952_herd-1	ita	952_herd	paskolare	pascolare	p a s k o l a r e
ita-225_talk-2	ita	225_talk	koɱverzat͡sione	conversazione	k o ɱ v e r z a ts i o n e
ita-127_paw-1	ita	127_paw	uŋɡja	unghia	u ŋ g j a
ita-718_sparkletwinkle-1	ita	718_sparkletwinkle	brilːare	brillare	b r i lː a r e
ita-144_fox-1	ita	144_fox	volpe	volpe	v o l p e
ita-152_goose-1	ita	152_goose	oka	oca	o k a
ita-946_work-1	ita	946_work	lavorare	lavorare	l a v o r a r e
ita-718_sparkletwinkle-2	ita	718_sparkletwinkle	ʃintilːare	scintillare	ʃ i n t i lː a r e
ita-707_snap-1	ita	707_snap	strapːarzi	strapparsi	s t r a pː a r z i
ita-600_atfirst-2	ita	600_atfirst	dapːrima	dapprima	d a pː r i m a
ita-269_middle-2	ita	269_middle	t͡ʃentro	centro	tʃ e n t r o
ita-64_stone-2	ita	64_stone	pietra	pietra	p i e t r a
ita-751_perish-1	ita	751_perish	perire	perire	p e r i r e
ita-995_notice-2	ita	995_notice	osːervare	osservare	o sː e r v a r e
ita-132_animal-2	ita	132_animal	animale	animale	a n i m a l e
ita-167_louse-1	ita	167_louse	pidokːjo	pidocchio	p i d o kː j o
ita-1004_count-1	ita	1004_count	kontare	contare	k o n t a r e
ita-846_raise-1	ita	846_raise	levare	levare	l e v a r e
ita-473_december-1	ita	473_december	dit͡ʃembre	dicembre	d i tʃ e m b r e
ita-644_you-1	ita	644_you	voi	voi	v o i
ita-41_blood-1	ita	41_blood	saŋɡue	sangue	s a ŋ g u e
ita-12_moustache-1	ita	12_moustache	bafːi	baffi	b a fː i
ita-465_april-1	ita	465_april	aprile	aprile	a p r i l e
ita-983_talk-1	ita	983_talk	parlare	parlare	p a r l a r e
ita-639_everything-1	ita	639_everything	tutːo	tutto	t u tː o
ita-210_husband-1	ita	210_husband	marito	marito	m a r i t o
ita-667_forty-1	ita	667_forty	kwaranta	quaranta	k w a r a n t a
ita-926_rescue-1	ita	926_rescue	salvare	salvare	s a l v a r e
ita-58_moon-1	ita	58_moon	luna	luna	l u n a
ita-180_trap-1	ita	180_trap	trapːola	tràppola	t r a pː o l a
ita-565_former-1	ita	565_former	vekːjo	vecchio	v e kː j o
ita-830_pickup-1	ita	830_pickup	rakːɔʎːiere	raccògliere	r a kː ɔ ʎː i e r e
ita-85_current-1	ita	85_current	korːente	corrente	k o rː e n t e
ita-323_broom-1	ita	323_broom	skopa	scopa	s k o p a
ita-735_breathe-1	ita	735_breathe	respirare	respirare	r e s p i r a r e
ita-14_chin-1	ita	14_chin	mento	mento	m e n t o
ita-877_throw-1	ita	877_throw	d͡ʒetːare	gettare	dʒ e tː a r e
ita-493_smooth-1	ita	493_smooth	liʃːo	liscio	l i ʃː o
ita-278_angle-1	ita	278_angle	aŋɡolo	àngolo	a ŋ g o l o
ita-547_stingy-1	ita	547_stingy	avaro	avaro	a v a r o
ita-917_unite-1	ita	917_unite	unire	unire	u n i r e
ita-895_tear-1	ita	895_tear	stratt͡ʃare	stracciare	s t r a t tʃ a r e
ita-496_round-1	ita	496_round	rotondo	rotondo	r o t o n d o
ita-596_once-1	ita	596_once	prima	prima	p r i m a
ita-822_put-1	ita	822_put	porːe	porre	p o rː e
ita-742_wakeup-1	ita	742_wakeup	zveʎːarzi	svegliarsi	z v e ʎː a r z i
ita-250_help-1	ita	250_help	aiuto	aiuto	a i u t o
ita-161_perch-1	ita	161_perch	pɛrziko	pèrsico	p ɛ r z i k o
ita-884_add-1	ita	884_add	add͡ʒund͡ʒere	aggiùngere	a d dʒ u n dʒ e r e
ita-332_handle-1	ita	332_handle	maniko	mànico	m a n i k o
ita-764_jump-1	ita	764_jump	saltare	saltare	s a l t a r e
ita-760_rush-1	ita	760_rush	andare in fretːa	andare in fretta	a n d a r e + i n + f r e tː a
ita-688_shine-1	ita	688_shine	splɛndere	splèndere	s p l ɛ n d e r e
ita-276_end-1	ita	276_end	kapo	capo	k a p o
ita-843_spin-1	ita	843_spin	d͡ʒirare	girare	dʒ i r a r e
ita-762_dash-2	ita	762_dash	korːere	correre	k o rː e r e
ita-214_happiness-1	ita	214_happiness	felit͡ʃita	felicità	f e l i tʃ i t a
ita-29_palm-1	ita	29_palm	palma	palma	p a l m a
ita-322_ladder-1	ita	322_ladder	skala	scala	s k a l a
ita-257_part-1	ita	257_part	parte	parte	p a r t e
ita-807_feel-1	ita	807_feel	sentire	sentire	s e n t i r e
ita-752_move-1	ita	752_move	ad͡ʒitarzi	agitarsi	a dʒ i t a r z i
ita-16_throat-1	ita	16_throat	ɡola	gola	g o l a
ita-746_beill-1	ita	746_beill	ɛsːere malato	èssere malato	ɛ sː e r e + m a l a t o
ita-545_lazy-1	ita	545_lazy	piɡro	pigro	p i g r o
ita-217_desire-1	ita	217_desire	voʎːa	voglia	v o ʎː a
ita-280_size-2	ita	280_size	ɡrandett͡sa	grandezza	g r a n d e t ts a
ita-785_lookfor-1	ita	785_lookfor	t͡ʃerkare	cercare	tʃ e r k a r e
ita-355_fat-1	ita	355_fat	ɡrasːo	grasso	g r a sː o
ita-240_tone-1	ita	240_tone	tono	tono	t o n o
ita-864_spread-1	ita	864_spread	spalmare	spalmare	s p a l m a r e
ita-957_chop-2	ita	957_chop	spakːare	spaccare	s p a kː a r e
ita-686_rise-2	ita	686_rise	spuntare	spuntare	s p u n t a r e
ita-357_oil-1	ita	357_oil	olio	olio	o l i o
ita-353_bread-1	ita	353_bread	pane	pane	p a n e
ita-242_calm-2	ita	242_calm	trankwilːita	tranquillità	t r a n k w i lː i t a
ita-470_september-1	ita	470_september	setːembre	settembre	s e tː e m b r e
ita-241_song-2	ita	241_song	kant͡sone	canzone	k a n ts o n e
ita-277_hole-1	ita	277_hole	buko	buco	b u k o
ita-976_takeoff-1	ita	976_takeoff	tɔʎːierzi	tògliersi	t ɔ ʎː i e r z i
ita-660_eight-1	ita	660_eight	otːo	otto	o tː o
ita-839_alter-2	ita	839_alter	kambiare	cambiare	k a m b i a r e
ita-866_cut-1	ita	866_cut	taʎːare	tagliare	t a ʎː a r e
ita-399_bridge-1	ita	399_bridge	ponte	ponte	p o n t e
ita-295_north-1	ita	295_north	nord	nord	n o r d
ita-558_good-1	ita	558_good	buono	buono	b u o n o
ita-822_put-2	ita	822_put	metːere	mettere	m e tː e r e
ita-835_produce-2	ita	835_produce	fabːrikare	fabbricare	f a bː r i k a r e
ita-124_fur-1	ita	124_fur	manto	manto	m a n t o
ita-60_air-1	ita	60_air	aria	aria	a r i a
ita-833_drop-1	ita	833_drop	laʃːare kadere	lasciare cadere	l a ʃː a r e + k a d e r e
ita-420_doctor-2	ita	420_doctor	dotːore	dottore	d o tː o r e
ita-590_now-2	ita	590_now	adesːo	adesso	a d e sː o
ita-869_swing-1	ita	869_swing	ad͡ʒitare	agitare	a dʒ i t a r e
ita-312_chair-1	ita	312_chair	sedia	sedia	s e d i a
ita-701_thaw-1	ita	701_thaw	ʃɔʎːierzi	sciògliersi	ʃ ɔ ʎː i e r z i
ita-59_star-1	ita	59_star	stelːa	stella	s t e lː a
ita-969_wash-1	ita	969_wash	lavare	lavare	l a v a r e
ita-453_evening-2	ita	453_evening	serata	serata	s e r a t a
ita-222_meaning-1	ita	222_meaning	senzo	senso	s e n z o
ita-770_row-1	ita	770_row	remare	remare	r e m a r e
ita-523_dark-1	ita	523_dark	buio	buio	b u i o
ita-492_flat-1	ita	492_flat	piano	piano	p i a n o
ita-931_shoot-1	ita	931_shoot	sparare	sparare	s p a r a r e
ita-330_net-1	ita	330_net	rete	rete	r e t e
ita-192_human-2	ita	192_human	ɛsːere umano	èssere umano	ɛ sː e r e + u m a n o
ita-396_wound-1	ita	396_wound	piaɡa	piaga	p i a g a
ita-943_cheat-1	ita	943_cheat	frodare	frodare	f r o d a r e
ita-515_dirty-1	ita	515_dirty	sporko	sporco	s p o r k o
ita-911_instruct-2	ita	911_instruct	inzeɲːare	insegnare	i n z e ɲː a r e
ita-538_strong-1	ita	538_strong	forte	forte	f o r t e
ita-490_delicatefine-1	ita	490_delicatefine	fine	fine	f i n e
ita-593_soon-1	ita	593_soon	presto	presto	p r e s t o
ita-755_sitdown-1	ita	755_sitdown	sederzi	sedersi	s e d e r z i
ita-521_sour-1	ita	521_sour	aspro	aspro	a s p r o
ita-63_water-1	ita	63_water	akkwa	acqua	a k k w a
ita-590_now-1	ita	590_now	ora	ora	o r a
ita-958_water-1	ita	958_water	anːafːiare	annaffiare	a nː a fː i a r e
ita-422_money-1	ita	422_money	soldi	soldi	s o l d i
ita-887_take-1	ita	887_take	prɛndere	prèndere	p r ɛ n d e r e
ita-349_dish-1	ita	349_dish	piatːo	piatto	p i a tː o
ita-790_like-1	ita	790_like	piat͡ʃere a	piacere a	p i a tʃ e r e + a
ita-299_wood-1	ita	299_wood	leɲːo	legno	l e ɲː o
ita-153_eagle-1	ita	153_eagle	akwila	àquila	a k w i l a
ita-129_egg-1	ita	129_egg	uovo	uovo	u o v o
ita-919_meet-1	ita	919_meet	iŋkontrare	incontrare	i ŋ k o n t r a r e
ita-659_seven-1	ita	659_seven	setːe	sette	s e tː e
ita-20_back-2	ita	20_back	skjena	schiena	s k j e n a
ita-335_figure-1	ita	335_figure	fiɡura	figura	f i g u r a
ita-413_grave-2	ita	413_grave	sepolkro	sepolcro	s e p o l k r o
ita-996_recognize-1	ita	996_recognize	rikonoʃːere	riconoscere	r i k o n o ʃː e r e
ita-657_five-1	ita	657_five	t͡ʃinkwe	cinque	tʃ i n k w e
ita-205_daughter-1	ita	205_daughter	fiʎːa	figlia	f i ʎː a
ita-801_lookat-1	ita	801_lookat	ɡuardare	guardare	g u a r d a r e
ita-374_sleeve-1	ita	374_sleeve	manika	mànica	m a n i k a
ita-53_odour-1	ita	53_odour	odore	odore	o d o r e
ita-385_string-1	ita	385_string	korda	corda	k o r d a
ita-17_neck-1	ita	17_neck	kolːo	collo	k o lː o
ita-937_shove-1	ita	937_shove	urtare	urtare	u r t a r e
ita-933_annoy-1	ita	933_annoy	stitt͡sire	stizzire	s t i t ts i r e
ita-192_human-1	ita	192_human	uomo	uomo	u o m o
ita-202_father-1	ita	202_father	padre	padre	p a d r e
ita-725_sound-1	ita	725_sound	suonare	suonare	s u o n a r e
ita-1000_know-1	ita	1000_know	sapere	sapere	s a p e r e
ita-808_seem-2	ita	808_seem	sembrare	sembrare	s e m b r a r e
ita-604_always-1	ita	604_always	sempre	sempre	s e m p r e
ita-743_getup-1	ita	743_getup	levarzi	levarsi	l e v a r z i
ita-426_ware-1	ita	426_ware	mert͡ʃe	merce	m e r tʃ e
ita-891_hinder-1	ita	891_hinder	impedire	impedire	i m p e d i r e
ita-773_go-1	ita	773_go	andare	andare	a n d a r e
ita-992_translate-1	ita	992_translate	tradurːe	tradurre	t r a d u rː e
ita-440_arrow-1	ita	440_arrow	frett͡ʃa	freccia	f r e t tʃ a
ita-103_shore-1	ita	103_shore	riva	riva	r i v a
ita-616_down-1	ita	616_down	d͡ʒu	giù	dʒ u
ita-484_short-1	ita	484_short	korto	corto	k o r t o
ita-896_destroy-1	ita	896_destroy	distrudd͡ʒere	distrùggere	d i s t r u d dʒ e r e
ita-706_decay-1	ita	706_decay	imputridire	imputridire	i m p u t r i d i r e
ita-478_friday-1	ita	478_friday	venerdi	venerdì	v e n e r d i
ita-347_meal-2	ita	347_meal	mand͡ʒare	mangiare	m a n dʒ a r e
ita-897_burn-1	ita	897_burn	brut͡ʃare	bruciare	b r u tʃ a r e
ita-356_butter-1	ita	356_butter	burːo	burro	b u rː o
ita-444_damage-1	ita	444_damage	danːo	danno	d a nː o
ita-130_nest-1	ita	130_nest	nido	nido	n i d o
ita-768_swim-1	ita	768_swim	nuotare	nuotare	n u o t a r e
ita-128_tail-1	ita	128_tail	koda	coda	k o d a
ita-430_country-1	ita	430_country	paeze	paese	p a e z e
ita-669_sixty-1	ita	669_sixty	sesːanta	sessanta	s e sː a n t a
ita-197_girl-1	ita	197_girl	raɡatt͡sa	ragazza	r a g a t ts a
ita-266_space-2	ita	266_space	spat͡sio	spazio	s p a ts i o
ita-537_powerful-2	ita	537_powerful	robusto	robusto	r o b u s t o
ita-342_dishes-1	ita	342_dishes	stoviʎːie	stoviglie	s t o v i ʎː i e
ita-514_clean-2	ita	514_clean	pulito	pulito	p u l i t o
ita-488_thick-1	ita	488_thick	spesːo	spesso	s p e sː o
ita-435_war-1	ita	435_war	ɡuerːa	guerra	g u e rː a
ita-658_six-1	ita	658_six	sei	sei	s e i
ita-871_fill-1	ita	871_fill	riempire	riempire	r i e m p i r e
ita-572_foreign-2	ita	572_foreign	straniero	straniero	s t r a n i e r o
ita-628_again-1	ita	628_again	di nuovo	di nuovo	d i + n u o v o
ita-625_still-1	ita	625_still	aŋkora	ancora	a ŋ k o r a
ita-261_line-1	ita	261_line	linea	lìnea	l i n e a
ita-592_tomorrow-1	ita	592_tomorrow	domani	domani	d o m a n i
ita-452_noon-1	ita	452_noon	mett͡sod͡ʒorno	mezzogiorno	m e t ts o dʒ o r n o
ita-19_head-2	ita	19_head	testa	testa	t e s t a
ita-839_alter-1	ita	839_alter	mutare	mutare	m u t a r e
ita-562_true-1	ita	562_true	vero	vero	v e r o
ita-799_escape-1	ita	799_escape	sfudd͡ʒire	sfuggire	s f u d dʒ i r e
ita-583_alone-1	ita	583_alone	solo	solo	s o l o
ita-794_grumble-1	ita	794_grumble	imprekare	imprecare	i m p r e k a r e
ita-235_word-1	ita	235_word	parola	parola	p a r o l a
ita-716_grow-1	ita	716_grow	kreʃːere	crescere	k r e ʃː e r e
ita-944_kill-1	ita	944_kill	utt͡ʃidere	uccìdere	u t tʃ i d e r e
ita-913_lead-1	ita	913_lead	avːiare	avviare	a vː i a r e
ita-112_tree-1	ita	112_tree	albero	àlbero	a l b e r o
ita-289_sleigh-1	ita	289_sleigh	slitːa	slitta	s l i tː a
ita-477_thursday-1	ita	477_thursday	d͡ʒovedi	giovedì	dʒ o v e d i
ita-439_bow-1	ita	439_bow	arko	arco	a r k o
ita-685_change-1	ita	685_change	variare	variare	v a r i a r e
ita-282_height-1	ita	282_height	altett͡sa	altezza	a l t e t ts a
ita-23_bosom-1	ita	23_bosom	seno	seno	s e n o
ita-710_appear-2	ita	710_appear	komparire	comparire	k o m p a r i r e
ita-816_finish-2	ita	816_finish	terminare	terminare	t e r m i n a r e
ita-185_iron-1	ita	185_iron	ferːo	ferro	f e rː o
ita-179_pit-1	ita	179_pit	kava	cava	k a v a
ita-297_west-1	ita	297_west	ɔvest	òvest	ɔ v e s t
ita-663_eleven-1	ita	663_eleven	undit͡ʃi	ùndici	u n d i tʃ i
ita-479_saturday-1	ita	479_saturday	sabato	sàbato	s a b a t o
ita-376_belt-1	ita	376_belt	t͡ʃintura	cintura	tʃ i n t u r a
ita-140_cat-1	ita	140_cat	ɡatːa	gatta	g a tː a
ita-442_mistake-1	ita	442_mistake	erːore	errore	e rː o r e
ita-1001_remember-1	ita	1001_remember	rikordare	ricordare	r i k o r d a r e
ita-272_fringe-2	ita	272_fringe	bordo	bordo	b o r d o
ita-930_brawl-1	ita	930_brawl	batːerzi	bàttersi	b a tː e r z i
ita-51_tear-1	ita	51_tear	lakrima	làcrima	l a k r i m a
ita-745_fallill-1	ita	745_fallill	amːalarzi	ammalarsi	a mː a l a r z i
ita-686_rise-1	ita	686_rise	sɔrd͡ʒere	sòrgere	s ɔ r dʒ e r e
ita-821_close-1	ita	821_close	kjudere	chiùdere	k j u d e r e
ita-241_song-1	ita	241_song	kanto	canto	k a n t o
ita-840_dig-1	ita	840_dig	skavare	scavare	s k a v a r e
ita-646_what-1	ita	646_what	ke	che	k e
ita-80_chill-1	ita	80_chill	fredːo	freddo	f r e dː o
ita-226_fairytale-2	ita	226_fairytale	favola	fàvola	f a v o l a
ita-715_rise-1	ita	715_rise	salire	salire	s a l i r e
ita-304_stick-3	ita	304_stick	bakːetːa	bacchetta	b a kː e tː a
ita-34_foot-1	ita	34_foot	piede	piede	p i e d e
ita-341_coverlid-1	ita	341_coverlid	koperkjo	coperchio	k o p e r k j o
ita-183_ash-1	ita	183_ash	t͡ʃenere	cenere	tʃ e n e r e
ita-118_birch-1	ita	118_birch	betulːa	betulla	b e t u lː a
ita-509_dry-1	ita	509_dry	sekːo	secco	s e kː o
ita-481_big-1	ita	481_big	ɡrande	grande	g r a n d e
ita-283_weight-1	ita	283_weight	pezo	peso	p e z o
ita-586_long-1	ita	586_long	a luŋɡo	a lungo	a + l u ŋ g o
ita-548_clever-1	ita	548_clever	intelːid͡ʒente	intelligente	i n t e lː i dʒ e n t e
ita-847_lift-1	ita	847_lift	levare	levare	l e v a r e
ita-46_heart-1	ita	46_heart	kuore	cuore	k u o r e
ita-52_flavour-1	ita	52_flavour	ɡusto	gusto	g u s t o
ita-143_elk-1	ita	143_elk	alt͡ʃe	alce	a l tʃ e
ita-800_see-1	ita	800_see	vedere	vedere	v e d e r e
ita-405_village-1	ita	405_village	paeze	paese	p a e z e
ita-93_forest-1	ita	93_forest	bosko	bosco	b o s k o
ita-537_powerful-1	ita	537_powerful	forte	forte	f o r t e
ita-680_hang-1	ita	680_hang	pɛndere	pèndere	p ɛ n d e r e
ita-501_beautiful-1	ita	501_beautiful	belːo	bello	b e lː o
ita-467_june-1	ita	467_june	d͡ʒuɲːo	giugno	dʒ u ɲː o
ita-956_milk-1	ita	956_milk	mund͡ʒere	mùngere	m u n dʒ e r e
ita-957_chop-1	ita	957_chop	tritare	tritare	t r i t a r e
ita-731_groan-1	ita	731_groan	d͡ʒɛmere	gèmere	dʒ ɛ m e r e
ita-33_toe-1	ita	33_toe	dito del piede	dito del piede	d i t o + d e l + p i e d e
ita-122_horn-1	ita	122_horn	korno	corno	k o r n o
ita-398_medicine-2	ita	398_medicine	medit͡ʃina	medicina	m e d i tʃ i n a
ita-570_familiar-1	ita	570_familiar	noto	noto	n o t o
ita-229_news-1	ita	229_news	notit͡sia	notizia	n o t i ts i a
ita-486_narrow-1	ita	486_narrow	stretːo	stretto	s t r e tː o
ita-321_roof-1	ita	321_roof	tetːo	tetto	t e tː o
ita-939_disturb-1	ita	939_disturb	disturbare	disturbare	d i s t u r b a r e
ita-683_begin-1	ita	683_begin	komint͡ʃare	cominciare	k o m i n tʃ a r e
ita-595_yesterday-1	ita	595_yesterday	ieri	ieri	i e r i
ita-1012_sell-1	ita	1012_sell	vendere	vendere	v e n d e r e
ita-372_shirt-1	ita	372_shirt	kamit͡ʃa	camicia	k a m i tʃ a
ita-721_ring-1	ita	721_ring	suonare	suonare	s u o n a r e
ita-238_noise-2	ita	238_noise	strɛpito	strèpito	s t r ɛ p i t o
ita-565_former-2	ita	565_former	dˈuna volta	d'una_volta	d u n a + v o l t a
ita-172_apple-1	ita	172_apple	mela	mela	m e l a
ita-164_worm-1	ita	164_worm	bako	baco	b a k o
ita-64_stone-1	ita	64_stone	sasːo	sasso	s a sː o
ita-495_soft-1	ita	495_soft	molːe	molle	m o lː e
ita-817_stop-2	ita	817_stop	t͡ʃesːare	cessare	tʃ e sː a r e
ita-497_pointed-2	ita	497_pointed	apːuntito	appuntito	a pː u n t i t o
ita-145_hare-1	ita	145_hare	lepre	lepre	l e p r e
ita-613_backward-1	ita	613_backward	alːˈindietro	all'indietro	a lː i n d i e t r o
ita-346_kettle-1	ita	346_kettle	paiolo	paiolo	p a i o l o
ita-95_elevation-1	ita	95_elevation	altura	altura	a l t u r a
ita-188_coal-1	ita	188_coal	karbone	carbone	k a r b o n e
ita-728_blow-1	ita	728_blow	sofːiare	soffiare	s o fː i a r e
ita-631_behind-1	ita	631_behind	dietro	dietro	d i e t r o
ita-387_blanket-1	ita	387_blanket	koperta	coperta	k o p e r t a
ita-503_warm-1	ita	503_warm	kaldo	caldo	k a l d o
ita-383_mirror-1	ita	383_mirror	spekːjo	specchio	s p e kː j o
ita-291_campfire-1	ita	291_campfire	falɔ	falò	f a l ɔ
ita-194_woman-1	ita	194_woman	donːa	donna	d o nː a
ita-642_he-1	ita	642_he	lui	lui	l u i
ita-747_ache-1	ita	747_ache	dolere	dolere	d o l e r e
ita-417_worker-2	ita	417_worker	lavoratore	lavoratore	l a v o r a t o r e
ita-986_request-1	ita	986_request	preɡare	pregare	p r e g a r e
ita-396_wound-2	ita	396_wound	ferita	ferita	f e r i t a
ita-621_alittle-1	ita	621_alittle	un poˈ	un po'	u n + p o
ita-629_invain-1	ita	629_invain	iɱvano	invano	i ɱ v a n o
ita-245_work-1	ita	245_work	lavoro	lavoro	l a v o r o
ita-412_death-1	ita	412_death	morte	morte	m o r t e
ita-170_butterfly-1	ita	170_butterfly	farfalːa	farfalla	f a r f a lː a
ita-448_end-1	ita	448_end	fine	fine	f i n e
ita-776_stop-1	ita	776_stop	fermarzi	fermarsi	f e r m a r z i
ita-692_flow-1	ita	692_flow	fluire	fluire	f l u i r e
ita-641_thou-1	ita	641_thou	tu	tu	t u
ita-574_near-1	ita	574_near	vit͡ʃino	vicino	v i tʃ i n o
ita-892_spoil-1	ita	892_spoil	ɡuastare	guastare	g u a s t a r e
ita-293_walk-1	ita	293_walk	andata	andata	a n d a t a
ita-529_green-1	ita	529_green	verde	verde	v e r d e
ita-985_ask-1	ita	985_ask	kiɛdere	chièdere	k i ɛ d e r e
ita-121_fir-1	ita	121_fir	abete	abete	a b e t e
ita-549_skilful-1	ita	549_skilful	abile	àbile	a b i l e
ita-851_push-1	ita	851_push	spind͡ʒere	spìngere	s p i n dʒ e r e
ita-298_east-1	ita	298_east	est	est	e s t
ita-233_language-1	ita	233_language	liŋɡua	lingua	l i ŋ g u a
ita-816_finish-1	ita	816_finish	finire	finire	f i n i r e
ita-953_drive-1	ita	953_drive	spind͡ʒere	spìngere	s p i n dʒ e r e
ita-198_family-1	ita	198_family	famiʎːa	famiglia	f a m i ʎː a
ita-262_stroke-1	ita	262_stroke	tratːo	tratto	t r a tː o
ita-464_march-1	ita	464_march	mart͡so	marzo	m a r ts o
ita-714_increase-1	ita	714_increase	aumentare	aumentare	a u m e n t a r e
ita-512_open-1	ita	512_open	aperto	aperto	a p e r t o
ita-559_bad-1	ita	559_bad	katːivo	cattivo	k a tː i v o
ita-967_dye-1	ita	967_dye	tind͡ʒere	tìngere	t i n dʒ e r e
ita-294_step-1	ita	294_step	pasːo	passo	p a sː o
ita-893_damage-1	ita	893_damage	danːedd͡ʒare	danneggiare	d a nː e d dʒ a r e
ita-781_comeback-1	ita	781_comeback	ritornare	ritornare	r i t o r n a r e
ita-968_clean-1	ita	968_clean	pulire	pulire	p u l i r e
ita-597_atthattime-1	ita	597_atthattime	alːora	allora	a lː o r a
ita-517_ripe-1	ita	517_ripe	maturo	maturo	m a t u r o
ita-824_lay-2	ita	824_lay	metːere	mettere	m e tː e r e
ita-475_tuesday-1	ita	475_tuesday	martedi	martedì	m a r t e d i
ita-203_mother-1	ita	203_mother	madre	madre	m a d r e
ita-778_enter-1	ita	778_enter	entrare	entrare	e n t r a r e
ita-204_son-1	ita	204_son	fiʎːo	figlio	f i ʎː o
ita-712_dropdescend-1	ita	712_dropdescend	kalare	calare	k a l a r e
ita-841_bow-1	ita	841_bow	kinare	chinare	k i n a r e
ita-381_ribbon-2	ita	381_ribbon	fetːutt͡ʃa	fettuccia	f e tː u t tʃ a
ita-636_becauseof-1	ita	636_becauseof	a kauza di	a causa di	a + k a u z a + d i
ita-428_wealth-1	ita	428_wealth	rikːett͡sa	ricchezza	r i kː e t ts a
ita-583_alone-2	ita	583_alone	da solo	da solo	d a + s o l o
ita-302_supportrest-1	ita	302_supportrest	supːorto	supporto	s u pː o r t o
ita-670_seventy-1	ita	670_seventy	setːanta	settanta	s e tː a n t a
ita-1006_read-1	ita	1006_read	lɛdd͡ʒere	lèggere	l ɛ d dʒ e r e
ita-309_stove-1	ita	309_stove	stufa	stufa	s t u f a
ita-329_nail-1	ita	329_nail	kjodo	chiodo	k j o d o
ita-36_knee-1	ita	36_knee	d͡ʒinokːjo	ginocchio	dʒ i n o kː j o
ita-637_this-2	ita	637_this	kwesto	questo	k w e s t o
ita-531_colourful-1	ita	531_colourful	variopinto	variopinto	v a r i o p i n t o
ita-346_kettle-2	ita	346_kettle	kalderone	calderone	k a l d e r o n e
ita-532_cheap-2	ita	532_cheap	a buon merkato	a buon mercato	a + b u o n + m e r k a t o
ita-676_or-1	ita	676_or	o	o	o
ita-373_collar-1	ita	373_collar	bavero	bàvero	b a v e r o
ita-1016_endure-1	ita	1016_endure	sopːortare	sopportare	s o pː o r t a r e
ita-215_grief-1	ita	215_grief	afːlit͡sione	afflizione	a fː l i ts i o n e
ita-554_sickill-2	ita	554_sickill	iɱfermo	infermo	i ɱ f e r m o
ita-638_that-2	ita	638_that	kwelːo	quello	k w e lː o
ita-522_bright-1	ita	522_bright	kjaro	chiaro	k j a r o
ita-847_lift-2	ita	847_lift	solːevare	sollevare	s o lː e v a r e
ita-650_how-1	ita	650_how	kome	come	k o m e
ita-233_language-2	ita	233_language	liŋɡuadd͡ʒo	linguaggio	l i ŋ g u a d dʒ o
ita-303_pole-2	ita	303_pole	pɛrtika	pèrtica	p ɛ r t i k a
ita-72_shadow-1	ita	72_shadow	ombra	ombra	o m b r a
ita-542_pretty-2	ita	542_pretty	karino	carino	k a r i n o
ita-928_protect-1	ita	928_protect	protɛdd͡ʒere	protèggere	p r o t ɛ d dʒ e r e
ita-672_ninety-1	ita	672_ninety	novanta	novanta	n o v a n t a
ita-748_cough-1	ita	748_cough	tosːire	tossire	t o sː i r e
ita-22_navel-1	ita	22_navel	ombeliko	ombelico	o m b e l i k o
ita-131_lair-1	ita	131_lair	kovo	covo	k o v o
ita-563_old-1	ita	563_old	vekːjo	vecchio	v e kː j o
ita-163_snake-1	ita	163_snake	serpente	serpente	s e r p e n t e
ita-999_learn-1	ita	999_learn	imparare	imparare	i m p a r a r e
ita-223_reason-3	ita	223_reason	rad͡ʒone	ragione	r a dʒ o n e
ita-713_decrease-1	ita	713_decrease	diminuire	diminuire	d i m i n u i r e
ita-316_box-1	ita	316_box	kasːa	cassa	k a sː a
ita-389_scarf-1	ita	389_scarf	fatt͡soletːo	fazzoletto	f a t ts o l e tː o
ita-740_fallasleep-1	ita	740_fallasleep	adːormentarzi	addormentarsi	a dː o r m e n t a r z i
ita-943_cheat-2	ita	943_cheat	trufːare	truffare	t r u fː a r e
ita-825_touch-1	ita	825_touch	tokːare	toccare	t o kː a r e
ita-228_message-1	ita	228_message	mesːadd͡ʒo	messaggio	m e sː a d dʒ o
ita-359_soup-1	ita	359_soup	t͡supːa	zuppa	ts u pː a
ita-155_owl-2	ita	155_owl	t͡ʃivetːa	civetta	tʃ i v e tː a
ita-758_step-1	ita	758_step	andare	andare	a n d a r e
ita-1013_payfor-1	ita	1013_payfor	paɡare	pagare	p a g a r e
ita-79_frost-1	ita	79_frost	d͡ʒelo	gelo	dʒ e l o
ita-796_beafraid-1	ita	796_beafraid	avere paura	avere paura	a v e r e + p a u r a
ita-753_budge-1	ita	753_budge	muɔverzi	muòversi	m u ɔ v e r z i
ita-18_nape-1	ita	18_nape	nuka	nuca	n u k a
ita-497_pointed-1	ita	497_pointed	aɡutt͡so	aguzzo	a g u t ts o
ita-674_athousand-1	ita	674_athousand	milːe	mille	m i lː e
ita-905_rock-2	ita	905_rock	dondolare	dondolare	d o n d o l a r e
ita-254_count-2	ita	254_count	kwantita	quantità	k w a n t i t a
ita-211_wife-1	ita	211_wife	moʎːie	moglie	m o ʎː i e
ita-903_praise-1	ita	903_praise	lodare	lodare	l o d a r e
ita-915_let-1	ita	915_let	fare	fare	f a r e
ita-378_shoe-1	ita	378_shoe	skarpa	scarpa	s k a r p a
ita-681_become-2	ita	681_become	diventare	diventare	d i v e n t a r e
ita-646_what-2	ita	646_what	ke koza	che cosa	k e + k o z a
ita-442_mistake-2	ita	442_mistake	zbaʎːo	sbaglio	z b a ʎː o
ita-351_corn-1	ita	351_corn	t͡ʃereali	cereali	tʃ e r e a l i
ita-985_ask-2	ita	985_ask	domandare	domandare	d o m a n d a r e
ita-137_sheep-1	ita	137_sheep	pɛkora	pècora	p ɛ k o r a
ita-510_full-1	ita	510_full	pieno	pieno	p i e n o
ita-890_preserve-1	ita	890_preserve	konzervare	conservare	k o n z e r v a r e
ita-888_choose-1	ita	888_choose	elɛdd͡ʒere	elèggere	e l ɛ d dʒ e r e
ita-96_mountain-2	ita	96_mountain	montaɲːa	montagna	m o n t a ɲː a
ita-684_end-1	ita	684_end	finire	finire	f i n i r e
ita-655_three-1	ita	655_three	tre	tre	t r e
ita-263_gap-1	ita	263_gap	distant͡sa	distanza	d i s t a n ts a
ita-971_rinse-1	ita	971_rinse	lavare	lavare	l a v a r e
ita-82_hoarfrost-1	ita	82_hoarfrost	brina	brina	b r i n a
ita-687_set-1	ita	687_set	tramontare	tramontare	t r a m o n t a r e
ita-564_new-1	ita	564_new	nuovo	nuovo	n u o v o
ita-863_rub-1	ita	863_rub	freɡare	fregare	f r e g a r e
ita-711_disappear-2	ita	711_disappear	skomparire	scomparire	s k o m p a r i r e
ita-941_conceal-2	ita	941_conceal	naskondere	nascondere	n a s k o n d e r e
ita-861_hit-1	ita	861_hit	pikːjare	picchiare	p i kː j a r e
ita-989_name-1	ita	989_name	nominare	nominare	n o m i n a r e
ita-74_fog-1	ita	74_fog	nebːia	nebbia	n e bː i a
ita-704_boil-1	ita	704_boil	bolːire	bollire	b o lː i r e
ita-671_eighty-1	ita	671_eighty	otːanta	ottanta	o tː a n t a
ita-427_benefit-1	ita	427_benefit	utile	ùtile	u t i l e
ita-904_kiss-1	ita	904_kiss	bat͡ʃare	baciare	b a tʃ a r e
ita-539_weak-1	ita	539_weak	dɛbole	dèbole	d ɛ b o l e
ita-1014_pay-1	ita	1014_pay	paɡare	pagare	p a g a r e
ita-542_pretty-1	ita	542_pretty	belːo	bello	b e lː o
ita-762_dash-1	ita	762_dash	volare	volare	v o l a r e
ita-175_seed-1	ita	175_seed	semente	semente	s e m e n t e
ita-924_separate-1	ita	924_separate	separarzi	separarsi	s e p a r a r z i
ita-922_sing-1	ita	922_sing	kantare	cantare	k a n t a r e
ita-162_pike-1	ita	162_pike	lutt͡ʃo	luccio	l u t tʃ o
ita-230_name-1	ita	230_name	nome	nome	n o m e
ita-754_standup-1	ita	754_standup	alt͡sarzi	alzarsi	a l ts a r z i
ita-390_towel-1	ita	390_towel	aʃːuɡamano	asciugamano	a ʃː u g a m a n o
ita-148_bird-1	ita	148_bird	utt͡ʃelːo	uccello	u t tʃ e lː o
ita-15_jaw-1	ita	15_jaw	maʃːelːa	mascella	m a ʃː e lː a
ita-607_hither-1	ita	607_hither	kwa	qua	k w a
ita-711_disappear-1	ita	711_disappear	sparire	sparire	s p a r i r e
ita-4_mouth-1	ita	4_mouth	bokːa	bocca	b o kː a
ita-1005_calculate-2	ita	1005_calculate	kalkolare	calcolare	k a l k o l a r e
ita-365_cloth-1	ita	365_cloth	panːo	panno	p a nː o
ita-898_give-1	ita	898_give	dare	dare	d a r e
ita-31_fingernail-1	ita	31_fingernail	uŋɡja	unghia	u ŋ g j a
ita-699_rain-1	ita	699_rain	piɔvere	piòvere	p i ɔ v e r e
ita-494_hard-1	ita	494_hard	duro	duro	d u r o
ita-485_wide-1	ita	485_wide	larɡo	largo	l a r g o
ita-44_bone-1	ita	44_bone	osːo	osso	o sː o
ita-100_source-1	ita	100_source	sord͡ʒente	sorgente	s o r dʒ e n t e
ita-810_hear-2	ita	810_hear	pert͡ʃepire	percepire	p e r tʃ e p i r e
ita-98_cave-1	ita	98_cave	ɡrotːa	grotta	g r o tː a
ita-206_brother-1	ita	206_brother	fratelːo	fratello	f r a t e lː o
ita-427_benefit-2	ita	427_benefit	profitːo	profitto	p r o f i tː o
ita-325_shovel-1	ita	325_shovel	pala	pala	p a l a
ita-406_town-1	ita	406_town	t͡ʃitːa	città	tʃ i tː a
ita-423_business-2	ita	423_business	neɡot͡sio	negozio	n e g o ts i o
ita-384_strap-1	ita	384_strap	t͡ʃiŋɡja	cinghia	tʃ i ŋ g j a
ita-857_tie-1	ita	857_tie	leɡare	legare	l e g a r e
ita-727_howl-1	ita	727_howl	urlare	urlare	u r l a r e
ita-377_cap-1	ita	377_cap	berːetːo	berretto	b e rː e tː o
ita-463_february-1	ita	463_february	febːraio	febbraio	f e bː r a i o
ita-927_guard-1	ita	927_guard	kustodire	custodire	k u s t o d i r e
ita-9_face-1	ita	9_face	vizo	viso	v i z o
ita-534_precious-1	ita	534_precious	pret͡siozo	prezioso	p r e ts i o z o
ita-304_stick-1	ita	304_stick	verɡa	verga	v e r g a
ita-987_tell-1	ita	987_tell	narːare	narrare	n a rː a r e
ita-40_skin-1	ita	40_skin	pelːe	pelle	p e lː e
ita-236_sign-1	ita	236_sign	seɲːo	segno	s e ɲː o
ita-902_wish-1	ita	902_wish	auɡurare	augurare	a u g u r a r e
ita-567_young-1	ita	567_young	d͡ʒovane	giovane	dʒ o v a n e
ita-125_wing-1	ita	125_wing	ala	ala	a l a
ita-224_truth-1	ita	224_truth	verita	verità	v e r i t a
ita-165_spider-1	ita	165_spider	raɲːo	ragno	r a ɲː o
ita-739_gettired-1	ita	739_gettired	staŋkarzi	stancarsi	s t a ŋ k a r z i
ita-963_fry-2	ita	963_fry	arːostire	arrostire	a rː o s t i r e
ita-151_cock-1	ita	151_cock	ɡalːo	gallo	g a lː o
ita-642_he-2	ita	642_he	eʎːi	egli	e ʎː i
ita-1010_own-1	ita	1010_own	posːedere	possedere	p o sː e d e r e
ita-783_wait-1	ita	783_wait	aspetːare	aspettare	a s p e tː a r e
ita-614_back-1	ita	614_back	di indietro	di indietro	d i + i n d i e t r o
ita-225_talk-1	ita	225_talk	diskorzo	discorso	d i s k o r z o
ita-99_slope-1	ita	99_slope	pendio	pendìo	p e n d i o
ita-298_east-2	ita	298_east	oriente	oriente	o r i e n t e
ita-313_cradle-1	ita	313_cradle	kulːa	culla	k u lː a
ita-476_wednesday-1	ita	476_wednesday	merkoledi	mercoledì	m e r k o l e d i
ita-980_decorate-2	ita	980_decorate	dekorare	decorare	d e k o r a r e
ita-219_thought-1	ita	219_thought	idea	idea	i d e a
ita-334_picture-1	ita	334_picture	kwadro	quadro	k w a d r o
ita-859_break-1	ita	859_break	rompere	rompere	r o m p e r e
ita-970_wipe-1	ita	970_wipe	aʃːuɡare	asciugare	a ʃː u g a r e
ita-244_nation-1	ita	244_nation	pɔpolo	pòpolo	p ɔ p o l o
ita-246_guest-2	ita	246_guest	iɱvitato	invitato	i ɱ v i t a t o
ita-955_feed-1	ita	955_feed	dar da mand͡ʒare a	dar da mangiare a	d a r + d a + m a n dʒ a r e + a
ita-876_keep-1	ita	876_keep	kustodire	custodire	k u s t o d i r e
ita-472_november-1	ita	472_november	novembre	novembre	n o v e m b r e
ita-317_window-1	ita	317_window	finestra	finestra	f i n e s t r a
ita-119_pine-1	ita	119_pine	pino	pino	p i n o
ita-574_near-2	ita	574_near	propinkwo	propinquo	p r o p i n k w o
ita-284_amount-1	ita	284_amount	kwantita	quantità	k w a n t i t a
ita-608_hence-1	ita	608_hence	ne	ne	n e
ita-913_lead-2	ita	913_lead	dirid͡ʒere	dirìgere	d i r i dʒ e r e
ita-222_meaning-2	ita	222_meaning	siɲːifikato	significato	s i ɲː i f i k a t o
ita-127_paw-2	ita	127_paw	artiʎːo	artiglio	a r t i ʎː o
ita-96_mountain-1	ita	96_mountain	monte	monte	m o n t e
ita-589_later-1	ita	589_later	piu tardi	più tardi	p i u + t a r d i
ita-87_foam-1	ita	87_foam	spuma	spuma	s p u m a
ita-520_bitter-1	ita	520_bitter	amaro	amaro	a m a r o
ita-87_foam-2	ita	87_foam	skjuma	schiuma	s k j u m a
ita-645_they-1	ita	645_they	loro	loro	l o r o
ita-907_wake-1	ita	907_wake	zveʎːare	svegliare	z v e ʎː a r e
ita-954_tieup-1	ita	954_tieup	leɡare	legare	l e g a r e
ita-588_instantly-2	ita	588_instantly	alːˈistante	all'istante	a lː i s t a n t e
ita-333_lock-1	ita	333_lock	serːatura	serratura	s e rː a t u r a
ita-429_world-1	ita	429_world	mondo	mondo	m o n d o
ita-997_grasp-2	ita	997_grasp	komprɛndere	comprèndere	k o m p r ɛ n d e r e
ita-77_snow-1	ita	77_snow	neve	neve	n e v e
ita-446_fault-1	ita	446_fault	kolpa	colpa	k o l p a
ita-480_sunday-1	ita	480_sunday	domenika	domenica	d o m e n i k a
ita-379_boot-1	ita	379_boot	stivale	stivale	s t i v a l e
ita-787_try-1	ita	787_try	tentare	tentare	t e n t a r e
ita-949_hunt-1	ita	949_hunt	katt͡ʃare	cacciare	k a t tʃ a r e
ita-974_bath-1	ita	974_bath	baɲːarzi	bagnarsi	b a ɲː a r z i
ita-975_wash-1	ita	975_wash	lavarzi	lavarsi	l a v a r z i
ita-422_money-2	ita	422_money	denaro	denaro	d e n a r o
ita-888_choose-2	ita	888_choose	ʃeʎːiere	scegliere	ʃ e ʎː i e r e
ita-454_night-1	ita	454_night	notːe	notte	n o tː e
ita-900_give-1	ita	900_give	reɡalare	regalare	r e g a l a r e
ita-920_assemble-1	ita	920_assemble	rinunirzi	rinunirsi	r i n u n i r z i
ita-505_cool-1	ita	505_cool	fresko	fresco	f r e s k o
ita-326_fork-1	ita	326_fork	forketːa	forchetta	f o r k e tː a
ita-765_climb-1	ita	765_climb	arːampikarzi	arrampicarsi	a rː a m p i k a r z i
ita-998_understand-2	ita	998_understand	komprɛndere	comprèndere	k o m p r ɛ n d e r e
ita-602_sometimes-1	ita	602_sometimes	talvolta	talvolta	t a l v o l t a
ita-413_grave-1	ita	413_grave	tomba	tomba	t o m b a
ita-76_rain-1	ita	76_rain	piodd͡ʒa	pioggia	p i o d dʒ a
ita-997_grasp-1	ita	997_grasp	kapire	capire	k a p i r e
ita-612_forward-1	ita	612_forward	avanti	avanti	a v a n t i
ita-149_swarm-1	ita	149_swarm	stormo	stormo	s t o r m o
ita-795_beannoyed-2	ita	795_beannoyed	arːabːiarzi	arrabbiarsi	a rː a bː i a r z i
ita-606_here-1	ita	606_here	kwa	qua	k w a
ita-1003_measure-1	ita	1003_measure	mizurare	misurare	m i z u r a r e
ita-651_why-1	ita	651_why	perke	perche	p e r k e
ita-733_live-1	ita	733_live	vivere	vìvere	v i v e r e
ita-600_atfirst-1	ita	600_atfirst	prima	prima	p r i m a
ita-457_year-1	ita	457_year	anːo	anno	a nː o
ita-169_fly-1	ita	169_fly	moska	mosca	m o s k a
ita-769_dive-2	ita	769_dive	imːɛrd͡ʒerzi	immèrgersi	i mː ɛ r dʒ e r z i
ita-65_ground-2	ita	65_ground	terːeno	terreno	t e rː e n o
ita-981_say-1	ita	981_say	dire	dire	d i r e
ita-637_this-1	ita	637_this	t͡ʃɔ	ciò	tʃ ɔ
ita-358_salt-1	ita	358_salt	sale	sale	s a l e
ita-757_walk-1	ita	757_walk	kamːinare	camminare	k a mː i n a r e
ita-632_under-1	ita	632_under	sotːo	sotto	s o tː o
ita-146_mouse-2	ita	146_mouse	sort͡ʃo	sorcio	s o r tʃ o
ita-276_end-2	ita	276_end	estremita	estremità	e s t r e m i t a
ita-84_thunder-1	ita	84_thunder	tuono	tuono	t u o n o
ita-726_bark-2	ita	726_bark	abːaiare	abbaiare	a bː a i a r e
ita-123_feather-1	ita	123_feather	penːa	penna	p e nː a
ita-899_hand-1	ita	899_hand	pɔrd͡ʒere	pòrgere	p ɔ r dʒ e r e
ita-573_different-2	ita	573_different	difːerente	differente	d i fː e r e n t e
ita-266_space-1	ita	266_space	posto	posto	p o s t o
ita-815_start-2	ita	815_start	komint͡ʃare	cominciare	k o m i n tʃ a r e
ita-252_companion-1	ita	252_companion	kamerata	camerata	k a m e r a t a
ita-158_cuckoo-2	ita	158_cuckoo	kukulo	cùculo	k u k u l o
ita-75_cloud-1	ita	75_cloud	nube	nube	n u b e
ita-52_flavour-2	ita	52_flavour	sapore	sapore	s a p o r e
ita-195_child-1	ita	195_child	bambino	bambino	b a m b i n o
ita-414_church-1	ita	414_church	kjeza	chiesa	k j e z a
ita-227_story-2	ita	227_story	narːat͡sione	narrazione	n a rː a ts i o n e
ita-487_dense-1	ita	487_dense	denzo	denso	d e n z o
ita-343_sack-1	ita	343_sack	sakːo	sacco	s a kː o
ita-291_campfire-2	ita	291_campfire	fuoko di bivakːo	fuoco di bivacco	f u o k o + d i + b i v a kː o
ita-662_ten-1	ita	662_ten	diet͡ʃi	dieci	d i e tʃ i
ita-271_thing-1	ita	271_thing	koza	cosa	k o z a
ita-392_strength-1	ita	392_strength	fort͡sa	forza	f o r ts a
ita-511_empty-1	ita	511_empty	vuoto	vuoto	v u o t o
ita-255_sort-1	ita	255_sort	tipo	tipo	t i p o
ita-948_pick-1	ita	948_pick	kɔʎːiere	cògliere	k ɔ ʎː i e r e
ita-1011_buy-1	ita	1011_buy	komprare	comprare	k o m p r a r e
ita-960_cook-1	ita	960_cook	preparare	preparare	p r e p a r a r e
ita-911_instruct-1	ita	911_instruct	istruire	istruire	i s t r u i r e
ita-696_fall-1	ita	696_fall	kadere	cadere	k a d e r e
ita-1002_forget-1	ita	1002_forget	dimentikare	dimenticare	d i m e n t i k a r e
ita-598_afterwards-1	ita	598_afterwards	poi	poi	p o i
ita-850_press-1	ita	850_press	premere	premere	p r e m e r e
ita-1001_remember-2	ita	1001_remember	rikordarzi di	ricordarsi di	r i k o r d a r z i + d i
ita-279_pattern-1	ita	279_pattern	dizeɲːo	disegno	d i z e ɲː o
ita-923_dance-1	ita	923_dance	dant͡sare	danzare	d a n ts a r e
ita-556_sad-1	ita	556_sad	triste	triste	t r i s t e
ita-647_who-1	ita	647_who	ki	chi	k i
ita-305_staff-1	ita	305_staff	asta	asta	a s t a
ita-587_suddenly-1	ita	587_suddenly	alːˈimprovːizo	all'improvviso	a lː i m p r o vː i z o
ita-610_thither-1	ita	610_thither	la	là	l a
ita-982_speak-1	ita	982_speak	parlare	parlare	p a r l a r e
ita-89_lake-1	ita	89_lake	laɡo	lago	l a g o
ita-940_bother-2	ita	940_bother	importunare	importunare	i m p o r t u n a r e
ita-910_teach-1	ita	910_teach	inzeɲːare	insegnare	i n z e ɲː a r e
ita-875_pull-1	ita	875_pull	tirare	tirare	t i r a r e
ita-690_blow-1	ita	690_blow	sofːiare	soffiare	s o fː i a r e
ita-88_dirt-1	ita	88_dirt	sudit͡ʃume	sudiciume	s u d i tʃ u m e
ita-449_time-1	ita	449_time	tempo	tempo	t e m p o
ita-823_place-1	ita	823_place	porːe	porre	p o rː e
ita-456_month-1	ita	456_month	meze	mese	m e z e
ita-434_border-2	ita	434_border	frontiera	frontiera	f r o n t i e r a
ita-420_doctor-1	ita	420_doctor	mɛdiko	mèdico	m ɛ d i k o
ita-759_takeawalk-2	ita	759_takeawalk	andare a pasːedd͡ʒo	andare a passeggio	a n d a r e + a + p a sː e d dʒ o
ita-665_twenty-1	ita	665_twenty	venti	venti	v e n t i
ita-179_pit-2	ita	179_pit	fosːa	fossa	f o sː a
ita-932_win-1	ita	932_win	vint͡ʃere	vìncere	v i n tʃ e r e
ita-848_seize-1	ita	848_seize	afːerːare	afferrare	a fː e rː a r e
ita-666_thirty-1	ita	666_thirty	trenta	trenta	t r e n t a
ita-264_distance-2	ita	264_distance	lontanant͡sa	lontananza	l o n t a n a n ts a
ita-777_goin-1	ita	777_goin	entrare	entrare	e n t r a r e
ita-832_lose-1	ita	832_lose	pɛrdere	pèrdere	p ɛ r d e r e
ita-471_october-1	ita	471_october	otːobre	ottobre	o tː o b r e
ita-596_once-2	ita	596_once	un tempo	un tempo	u n + t e m p o
ita-371_clothes-1	ita	371_clothes	vestiti	vestiti	v e s t i t i
ita-441_gun-1	ita	441_gun	fut͡ʃile	fucile	f u tʃ i l e
ita-32_nail-1	ita	32_nail	uŋɡja	unghia	u ŋ g j a
ita-763_run-1	ita	763_run	korːere	correre	k o rː e r e
ita-402_path-1	ita	402_path	sentiero	sentiero	s e n t i e r o
ita-191_sand-2	ita	191_sand	sabːia	sabbia	s a bː i a
ita-432_king-1	ita	432_king	re	re	r e
ita-855_tearoff-2	ita	855_tearoff	strapːarzi	strapparsi	s t r a pː a r z i
ita-332_handle-2	ita	332_handle	maniʎːa	maniglia	m a n i ʎː a
ita-193_man-1	ita	193_man	uomo	uomo	u o m o
ita-61_wind-1	ita	61_wind	vento	vento	v e n t o
ita-516_raw-1	ita	516_raw	krudo	crudo	k r u d o
ita-702_melt-1	ita	702_melt	fɔndere	fòndere	f ɔ n d e r e
ita-749_recover-1	ita	749_recover	ɡuarire	guarire	g u a r i r e
ita-717_shine-1	ita	717_shine	splɛndere	splèndere	s p l ɛ n d e r e
ita-921_play-1	ita	921_play	d͡ʒokare	giocare	dʒ o k a r e
ita-42_vein-1	ita	42_vein	vena	vena	v e n a
ita-70_fire-1	ita	70_fire	fuoko	fuoco	f u o k o
ita-489_thin-1	ita	489_thin	sotːile	sottile	s o tː i l e
ita-474_monday-1	ita	474_monday	lunedi	lunedì	l u n e d i
ita-28_hand-1	ita	28_hand	mano	mano	m a n o
ita-247_gift-1	ita	247_gift	reɡalo	regalo	r e g a l o
ita-894_break-1	ita	894_break	rompere	rompere	r o m p e r e
ita-220_memory-1	ita	220_memory	memoria	memoria	m e m o r i a
ita-882_send-1	ita	882_send	iɱviare	inviare	i ɱ v i a r e
ita-259_circle-1	ita	259_circle	t͡ʃirkolo	cìrcolo	tʃ i r k o l o
ita-536_deaf-1	ita	536_deaf	sordo	sordo	s o r d o
ita-117_leaf-1	ita	117_leaf	foʎːa	foglia	f o ʎː a
ita-802_watch-1	ita	802_watch	ɡuardare	guardare	g u a r d a r e
ita-726_bark-1	ita	726_bark	latrare	latrare	l a t r a r e
ita-858_stick-1	ita	858_stick	fikːare	ficcare	f i kː a r e
ita-366_needle-1	ita	366_needle	aɡo	ago	a g o
ita-419_master-1	ita	419_master	mastro	mastro	m a s t r o
ita-962_bake-1	ita	962_bake	kuɔt͡ʃere	cuòcere	k u ɔ tʃ e r e
ita-93_forest-2	ita	93_forest	foresta	foresta	f o r e s t a
ita-526_red-1	ita	526_red	rosːo	rosso	r o sː o
ita-504_cold-1	ita	504_cold	fredːo	freddo	f r e dː o
ita-1008_draw-1	ita	1008_draw	dizeɲːare	disegnare	d i z e ɲː a r e
ita-134_cow-1	ita	134_cow	vakːa	vacca	v a kː a
ita-364_wool-1	ita	364_wool	lana	lana	l a n a
ita-719_benoisy-2	ita	719_benoisy	fare kjasːo	fare chiasso	f a r e + k j a sː o
ita-818_succeed-1	ita	818_succeed	riuʃːire	riuscire	r i u ʃː i r e
ita-109_flower-1	ita	109_flower	fiore	fiore	f i o r e
ita-993_think-1	ita	993_think	penzare	pensare	p e n z a r e
ita-868_shake-2	ita	868_shake	skuɔtere	scuòtere	s k u ɔ t e r e
ita-998_understand-1	ita	998_understand	intɛndere	intèndere	i n t ɛ n d e r e
ita-491_firmsolid-2	ita	491_firmsolid	fisːo	fisso	f i sː o
ita-905_rock-1	ita	905_rock	kulːare	cullare	k u lː a r e
ita-648_where-1	ita	648_where	dove	dove	d o v e
ita-599_before-1	ita	599_before	prima	prima	p r i m a
ita-173_mushroom-1	ita	173_mushroom	fuŋɡo	fungo	f u ŋ g o
ita-633_through-1	ita	633_through	per	per	p e r
ita-724_rustle-1	ita	724_rustle	fruʃːare	frusciare	f r u ʃː a r e
ita-767_creep-1	ita	767_creep	striʃːare	strisciare	s t r i ʃː a r e
ita-9_face-2	ita	9_face	fatt͡ʃa	faccia	f a t tʃ a
ita-722_tinkle-1	ita	722_tinkle	tintinːare	tintinnare	t i n t i nː a r e
ita-417_worker-1	ita	417_worker	operaio	operaio	o p e r a i o
ita-737_eat-1	ita	737_eat	mand͡ʒare	mangiare	m a n dʒ a r e
ita-281_length-1	ita	281_length	luŋɡett͡sa	lunghezza	l u ŋ g e t ts a
ita-602_sometimes-2	ita	602_sometimes	kwalke volta	qualche volta	k w a l k e + v o l t a
ita-24_breast-1	ita	24_breast	petːo	petto	p e tː o
ita-854_bite-1	ita	854_bite	mɔrdere	mòrdere	m ɔ r d e r e
ita-566_agedold-1	ita	566_agedold	ant͡siano	anziano	a n ts i a n o
ita-319_gate-1	ita	319_gate	portone	portone	p o r t o n e
ita-48_liver-1	ita	48_liver	feɡato	fegato	f e g a t o
ita-352_mush-1	ita	352_mush	purɛ	purè	p u r ɛ
ita-49_breath-1	ita	49_breath	fiato	fiato	f i a t o
ita-400_well-1	ita	400_well	pott͡so	pozzo	p o t ts o
ita-929_defend-1	ita	929_defend	difɛndere	difèndere	d i f ɛ n d e r e
ita-1_eye-1	ita	1_eye	okːjo	occhio	o kː j o
ita-147_wolf-1	ita	147_wolf	lupo	lupo	l u p o
ita-772_fly-1	ita	772_fly	volare	volare	v o l a r e
ita-514_clean-1	ita	514_clean	netːo	netto	n e tː o
ita-1007_paint-1	ita	1007_paint	dipind͡ʒere	dipìngere	d i p i n dʒ e r e
ita-560_correct-1	ita	560_correct	d͡ʒusto	giusto	dʒ u s t o
ita-208_uncle-1	ita	208_uncle	t͡sio	zio	ts i o
ita-135_bull-1	ita	135_bull	toro	toro	t o r o
ita-30_finger-1	ita	30_finger	dito	dito	d i t o
ita-212_joy-2	ita	212_joy	piat͡ʃere	piacere	p i a tʃ e r e
ita-527_yellow-1	ita	527_yellow	d͡ʒalːo	giallo	dʒ a lː o
ita-254_count-1	ita	254_count	numero	nùmero	n u m e r o
ita-626_only-2	ita	626_only	soltanto	soltanto	s o l t a n t o
ita-540_fat-1	ita	540_fat	ɡrasːo	grasso	g r a sː o
ita-176_grain-1	ita	176_grain	ɡrano	grano	g r a n o
ita-66_earth-1	ita	66_earth	terːa	terra	t e rː a
ita-829_light-1	ita	829_light	att͡ʃɛndere	accèndere	a t tʃ ɛ n d e r e
ita-693_revolve-1	ita	693_revolve	d͡ʒirarzi	girarsi	dʒ i r a r z i
ita-256_piece-1	ita	256_piece	pett͡so	pezzo	p e t ts o
ita-697_burn-2	ita	697_burn	brut͡ʃare	bruciare	b r u tʃ a r e
ita-842_bend-1	ita	842_bend	tɔrt͡ʃere	tòrcere	t ɔ r tʃ e r e
ita-860_knock-1	ita	860_knock	batːere	bàttere	b a tː e r e
ita-433_power-1	ita	433_power	potere	potere	p o t e r e
ita-835_produce-1	ita	835_produce	produrːe	produrre	p r o d u rː e
ita-408_book-1	ita	408_book	libro	libro	l i b r o
ita-591_today-1	ita	591_today	odd͡ʒi	oggi	o d dʒ i
ita-155_owl-1	ita	155_owl	ɡufo	gufo	g u f o
ita-410_newspaper-1	ita	410_newspaper	d͡ʒornale	giornale	dʒ o r n a l e
ita-573_different-1	ita	573_different	diverzo	diverso	d i v e r z o
ita-805_taste-1	ita	805_taste	deɡustare	degustare	d e g u s t a r e
ita-872_wrap-1	ita	872_wrap	iɱvoltare	involtare	i ɱ v o l t a r e
ita-26_arm-1	ita	26_arm	bratt͡ʃo	braccio	b r a t tʃ o
ita-810_hear-1	ita	810_hear	sentire	sentire	s e n t i r e
ita-258_half-1	ita	258_half	meta	metà	m e t a
ita-885_get-1	ita	885_get	rit͡ʃevere	ricevere	r i tʃ e v e r e
ita-160_fish-1	ita	160_fish	peʃːe	pesce	p e ʃː e
ita-362_tea-1	ita	362_tea	tɛ	tè	t ɛ
ita-852_scrape-1	ita	852_scrape	ɡratːare	grattare	g r a tː a r e
ita-458_spring-1	ita	458_spring	primavera	primavera	p r i m a v e r a
ita-337_pouch-1	ita	337_pouch	borza	borsa	b o r z a
ita-337_pouch-2	ita	337_pouch	sakːetːo	sacchetto	s a kː e tː o
ita-879_grab-2	ita	879_grab	afːerːare	afferrare	a fː e rː a r e
ita-876_keep-2	ita	876_keep	konzervare	conservare	k o n z e r v a r e
ita-844_turnover-1	ita	844_turnover	d͡ʒirare	girare	dʒ i r a r e
ita-7_lip-1	ita	7_lip	labːro	labbro	l a bː r o
ita-411_life-1	ita	411_life	vita	vita	v i t a
ita-213_laughter-1	ita	213_laughter	rizata	risata	r i z a t a
ita-654_two-1	ita	654_two	due	due	d u e
ita-617_above-2	ita	617_above	sopra	sopra	s o p r a
ita-951_catch-1	ita	951_catch	katːurare	catturare	k a tː u r a r e
ita-232_speech-1	ita	232_speech	diskorzo	discorso	d i s k o r z o
ita-694_sway-2	ita	694_sway	barkolːare	barcollare	b a r k o lː a r e
ita-571_famous-2	ita	571_famous	t͡ʃɛlebre	cèlebre	tʃ ɛ l e b r e
ita-649_whereto-1	ita	649_whereto	dove	dove	d o v e
ita-619_everywhere-1	ita	619_everywhere	dapːertutːo	dappertutto	d a pː e r t u tː o
ita-734_beborn-1	ita	734_beborn	naʃːere	nàscere	n a ʃː e r e
ita-684_end-2	ita	684_end	terminare	terminare	t e r m i n a r e
ita-792_move-1	ita	792_move	komːuɔvere	commuòvere	k o mː u ɔ v e r e
ita-572_foreign-1	ita	572_foreign	estraneo	estràneo	e s t r a n e o
ita-638_that-1	ita	638_that	t͡ʃɔ	ciò	tʃ ɔ
ita-482_little-1	ita	482_little	pikːolo	pìccolo	p i kː o l o
ita-934_beat-1	ita	934_beat	batːere	bàttere	b a tː e r e
ita-623_very-1	ita	623_very	molto	molto	m o l t o
ita-338_bundle-2	ita	338_bundle	faɡotːo	fagotto	f a g o tː o
ita-300_board-2	ita	300_board	tavola	tàvola	t a v o l a
ita-758_step-2	ita	758_step	prot͡ʃedere	procedere	p r o tʃ e d e r e
ita-594_then-1	ita	594_then	alːora	allora	a lː o r a
ita-311_table-1	ita	311_table	tavolo	tàvolo	t a v o l o
ita-588_instantly-1	ita	588_instantly	subito	sùbito	s u b i t o
ita-398_medicine-1	ita	398_medicine	farmako	fàrmaco	f a r m a k o
ita-491_firmsolid-1	ita	491_firmsolid	sodo	sodo	s o d o
ita-38_leg-1	ita	38_leg	ɡamba	gamba	g a m b a
ita-703_dry-1	ita	703_dry	aʃːuɡarzi	asciugarsi	a ʃː u g a r z i
ita-774_goaway-1	ita	774_goaway	andarzene	andàrsene	a n d a r z e n e
ita-524_black-1	ita	524_black	nero	nero	n e r o
ita-942_deceive-1	ita	942_deceive	iŋɡanːare	ingannare	i ŋ g a nː a r e
ita-889_select-1	ita	889_select	ʃeʎːiere	scegliere	ʃ e ʎː i e r e
ita-789_love-1	ita	789_love	amare	amare	a m a r e
ita-3_nose-1	ita	3_nose	nazo	naso	n a z o
ita-166_ant-1	ita	166_ant	formika	formica	f o r m i k a
ita-499_blunt-1	ita	499_blunt	zmusːato	smussato	z m u sː a t o
ita-909_guide-2	ita	909_guide	kondurːe	condurre	k o n d u rː e
ita-300_board-1	ita	300_board	asːe	asse	a sː e
ita-761_hurry-1	ita	761_hurry	afːretːarzi	affrettarsi	a fː r e tː a r z i
ita-322_ladder-2	ita	322_ladder	skala a pioli	scala a pioli	s k a l a + a + p i o l i
ita-568_poor-1	ita	568_poor	pɔvero	pòvero	p ɔ v e r o
ita-403_way-1	ita	403_way	via	via	v i a
ita-598_afterwards-2	ita	598_afterwards	dopo	dopo	d o p o
ita-757_walk-2	ita	757_walk	andare a piedi	andare a piedi	a n d a r e + a + p i e d i
ita-615_below-2	ita	615_below	sotːo	sotto	s o tː o
ita-164_worm-2	ita	164_worm	verme	verme	v e r m e
ita-961_boil-1	ita	961_boil	kuɔt͡ʃere	cuòcere	k u ɔ tʃ e r e
ita-201_parents-1	ita	201_parents	d͡ʒenitori	genitori	dʒ e n i t o r i
ita-483_long-1	ita	483_long	luŋɡo	lungo	l u ŋ g o
ita-139_dog-1	ita	139_dog	kane	cane	k a n e
ita-288_oar-1	ita	288_oar	remo	remo	r e m o
ita-729_whistle-1	ita	729_whistle	fiskjare	fischiare	f i s k j a r e
ita-286_row-1	ita	286_row	fila	fila	f i l a
ita-468_july-1	ita	468_july	luʎːo	luglio	l u ʎː o
ita-826_connect-1	ita	826_connect	unire	unire	u n i r e
ita-438_fight-1	ita	438_fight	lotːa	lotta	l o tː a
ita-86_drop-1	ita	86_drop	ɡott͡ʃa	goccia	g o t tʃ a
ita-246_guest-1	ita	246_guest	ɔspite	òspite	ɔ s p i t e
ita-265_area-1	ita	265_area	red͡ʒone	regione	r e dʒ o n e
ita-450_day-1	ita	450_day	d͡ʒorno	giorno	dʒ o r n o
ita-977_puton-2	ita	977_puton	indosːare	indossare	i n d o sː a r e
ita-415_sin-1	ita	415_sin	pekːato	peccato	p e kː a t o
ita-419_master-2	ita	419_master	maestro	maestro	m a e s t r o
ita-879_grab-1	ita	879_grab	piʎːare	pigliare	p i ʎː a r e
ita-738_swallow-1	ita	738_swallow	iŋɡjotːire	inghiottire	i ŋ g j o tː i r e
ita-849_hold-1	ita	849_hold	tenere	tenere	t e n e r e
ita-154_duck-1	ita	154_duck	anatra	ànatra	a n a t r a
ita-115_limb-1	ita	115_limb	ramo	ramo	r a m o
ita-350_meat-1	ita	350_meat	karne	carne	k a r n e
ita-292_load-1	ita	292_load	kariko	càrico	k a r i k o
ita-71_light-1	ita	71_light	lut͡ʃe	luce	l u tʃ e
ita-209_aunt-1	ita	209_aunt	t͡sia	zia	ts i a
ita-226_fairytale-1	ita	226_fairytale	fiaba	fiaba	f i a b a
ita-820_open-1	ita	820_open	aprire	aprire	a p r i r e
ita-727_howl-2	ita	727_howl	ululare	ululare	u l u l a r e
ita-841_bow-2	ita	841_bow	fletːere	flettere	f l e tː e r e
ita-720_chime-1	ita	720_chime	suonare	suonare	s u o n a r e
ita-106_sea-1	ita	106_sea	mare	mare	m a r e
ita-541_slim-2	ita	541_slim	slant͡ʃato	slanciato	s l a n tʃ a t o
ita-250_help-2	ita	250_help	sokːorzo	soccorso	s o kː o r z o
ita-836_build-1	ita	836_build	kostruire	costruire	k o s t r u i r e
ita-242_calm-1	ita	242_calm	kalma	calma	k a l m a
ita-227_story-1	ita	227_story	rakːonto	racconto	r a kː o n t o
ita-553_hungry-1	ita	553_hungry	afːamato	affamato	a fː a m a t o
ita-65_ground-1	ita	65_ground	suolo	suolo	s u o l o
ita-894_break-2	ita	894_break	spett͡sare	spezzare	s p e t ts a r e
ita-780_arrive-1	ita	780_arrive	arːivare	arrivare	a rː i v a r e
ita-97_summit-1	ita	97_summit	t͡ʃima	cima	tʃ i m a
ita-954_tieup-2	ita	954_tieup	atːakːare	attaccare	a tː a kː a r e
ita-618_up-2	ita	618_up	in alto	in alto	i n + a l t o
ita-627_already-1	ita	627_already	d͡ʒa	già	dʒ a
ita-698_smoke-1	ita	698_smoke	fumare	fumare	f u m a r e
ita-601_once-1	ita	601_once	una volta	una volta	u n a + v o l t a
ita-543_evil-1	ita	543_evil	katːivo	cattivo	k a tː i v o
ita-431_state-1	ita	431_state	stato	Stato	s t a t o
ita-295_north-2	ita	295_north	setːentrione	settentrione	s e tː e n t r i o n e
ita-855_tearoff-1	ita	855_tearoff	stakːarzi	staccarsi	s t a kː a r z i
ita-968_clean-2	ita	968_clean	netːare	nettare	n e tː a r e
ita-11_hair-1	ita	11_hair	kapelːo	capello	k a p e lː o
ita-823_place-2	ita	823_place	metːere	mettere	m e tː e r e
ita-554_sickill-1	ita	554_sickill	malato	malato	m a l a t o
ita-303_pole-1	ita	303_pole	zbarːa	sbarra	z b a rː a
ita-959_ripen-1	ita	959_ripen	maturare	maturare	m a t u r a r e
ita-653_one-1	ita	653_one	uno	uno	u n o
ita-803_hear-2	ita	803_hear	sentire	sentire	s e n t i r e
ita-237_call-1	ita	237_call	kjamata	chiamata	k j a m a t a
ita-994_believe-1	ita	994_believe	kredere	credere	k r e d e r e
ita-395_pain-1	ita	395_pain	dolore	dolore	d o l o r e
ita-834_make-1	ita	834_make	fare	fare	f a r e
ita-275_tip-1	ita	275_tip	punta	punta	p u n t a
ita-62_wave-1	ita	62_wave	onda	onda	o n d a
ita-869_swing-2	ita	869_swing	zventolare	sventolare	z v e n t o l a r e
ita-56_sky-1	ita	56_sky	t͡ʃɛlo	cielo	tʃ ɛ l o
ita-945_dwell-1	ita	945_dwell	abitare	abitare	a b i t a r e
ita-744_relax-1	ita	744_relax	ripozarzi	riposarsi	r i p o z a r z i
ita-771_drive-1	ita	771_drive	andare	andare	a n d a r e
ita-359_soup-2	ita	359_soup	minestra	minestra	m i n e s t r a
ita-43_sinew-1	ita	43_sinew	tɛndine	tèndine	t ɛ n d i n e
ita-678_sit-2	ita	678_sit	stare seduto	stare seduto	s t a r e + s e d u t o
ita-988_convey-1	ita	988_convey	komunikare	comunicare	k o m u n i k a r e
ita-824_lay-1	ita	824_lay	pozare	posare	p o z a r e
ita-336_doll-1	ita	336_doll	bambola	bàmbola	b a m b o l a
ita-795_beannoyed-1	ita	795_beannoyed	stitt͡sirzi	stizzirsi	s t i t ts i r z i
ita-447_age-1	ita	447_age	eta	età	e t a
ita-964_stir-1	ita	964_stir	meskolare	mescolare	m e s k o l a r e
ita-348_food-1	ita	348_food	t͡ʃibo	cibo	tʃ i b o
ita-845_turnturnaround-1	ita	845_turnturnaround	rivoltare	rivoltare	r i v o l t a r e
ita-270_item-1	ita	270_item	odd͡ʒetːo	oggetto	o d dʒ e tː o
ita-692_flow-2	ita	692_flow	skorːere	scorrere	s k o rː e r e
ita-307_house-1	ita	307_house	kaza	casa	k a z a
ita-315_shelf-1	ita	315_shelf	skafːale	scaffale	s k a fː a l e
ita-104_coast-1	ita	104_coast	kosta	costa	k o s t a
ita-181_noose-1	ita	181_noose	latt͡ʃo	laccio	l a t tʃ o
ita-771_drive-2	ita	771_drive	viadd͡ʒare	viaggiare	v i a d dʒ a r e
ita-535_blind-1	ita	535_blind	t͡ʃɛko	cieco	tʃ ɛ k o
ita-105_land-1	ita	105_land	terːaferma	terraferma	t e rː a f e r m a
ita-365_cloth-2	ita	365_cloth	tesːuto	tessuto	t e sː u t o
ita-49_breath-2	ita	49_breath	respiro	respiro	r e s p i r o
ita-381_ribbon-1	ita	381_ribbon	nastro	nastro	n a s t r o
ita-392_strength-2	ita	392_strength	viɡore	vigore	v i g o r e
ita-425_price-1	ita	425_price	prett͡so	prezzo	p r e t ts o
ita-269_middle-1	ita	269_middle	mett͡so	mezzo	m e t ts o
ita-857_tie-2	ita	857_tie	bendare	bendare	b e n d a r e
ita-159_swan-1	ita	159_swan	t͡ʃiɲːo	cigno	tʃ i ɲː o
ita-991_brag-1	ita	991_brag	vantarzi	vantarsi	v a n t a r z i
ita-182_track-1	ita	182_track	tratt͡ʃa	traccia	t r a t tʃ a
ita-618_up-1	ita	618_up	in su	in sù	i n + s u
